Order Number,Line Number,Order Date,Delivery Date,CustomerKey,StoreKey,ProductKey,Quantity,Unit Price,Net Price,Unit Cost,Currency Code,Exchange Rate
365300,0,2020-01-01 00:00:00,2020-01-05 00:00:00,1784511,999999,1571,2,56.99,56.99,26.21,USD,1.0000
365300,1,2020-01-01 00:00:00,2020-01-05 00:00:00,1784511,999999,1443,2,589.00,524.21,195.15,USD,1.0000
365300,2,2020-01-01 00:00:00,2020-01-05 00:00:00,1784511,999999,1453,3,258.00,245.10,118.65,USD,1.0000
365300,3,2020-01-01 00:00:00,2020-01-05 00:00:00,1784511,999999,1682,2,8.99,8.99,4.13,USD,1.0000
365301,0,2020-01-01 00:00:00,2020-01-05 00:00:00,593702,999999,382,2,382.95,344.66,195.24,EUR,0.8902
365301,1,2020-01-01 00:00:00,2020-01-05 00:00:00,593702,999999,1658,2,109.99,100.09,56.08,EUR,0.8902
365301,2,2020-01-01 00:00:00,2020-01-05 00:00:00,593702,999999,444,8,919.00,827.10,304.48,EUR,0.8902
365301,3,2020-01-01 00:00:00,2020-01-05 00:00:00,593702,999999,1474,4,208.00,208.00,95.65,EUR,0.8902
365302,0,2020-01-01 00:00:00,2020-01-01 00:00:00,689285,140,504,2,869.00,851.62,287.92,EUR,0.8902
365302,1,2020-01-01 00:00:00,2020-01-01 00:00:00,689285,140,1773,2,43.00,37.84,21.92,EUR,0.8902
365303,0,2020-01-01 00:00:00,2020-01-03 00:00:00,961056,999999,1498,3,300.00,267.00,137.96,GBP,0.7573
365304,0,2020-01-01 00:00:00,2020-01-01 00:00:00,1893340,470,851,2,230.90,230.90,76.50,USD,1.0000
365304,1,2020-01-01 00:00:00,2020-01-01 00:00:00,1893340,470,417,2,599.00,521.13,275.46,USD,1.0000
365305,0,2020-01-01 00:00:00,2020-01-01 00:00:00,1963414,560,424,5,269.95,269.95,137.63,USD,1.0000
365305,1,2020-01-01 00:00:00,2020-01-01 00:00:00,1963414,560,447,2,229.90,229.90,117.21,USD,1.0000
365305,2,2020-01-01 00:00:00,2020-01-01 00:00:00,1963414,560,1454,3,199.00,199.00,91.51,USD,1.0000
365305,3,2020-01-01 00:00:00,2020-01-01 00:00:00,1963414,560,436,1,369.00,365.31,188.13,USD,1.0000
365306,0,2020-01-01 00:00:00,2020-01-05 00:00:00,377415,999999,2502,1,9.99,8.69,5.09,CAD,1.2994
365306,1,2020-01-01 00:00:00,2020-01-05 00:00:00,377415,999999,950,2,290.00,290.00,96.08,CAD,1.2994
365306,2,2020-01-01 00:00:00,2020-01-05 00:00:00,377415,999999,330,10,309.00,265.74,157.54,CAD,1.2994
365307,0,2020-01-01 00:00:00,2020-01-02 00:00:00,513045,999999,2493,3,24.99,24.99,12.74,EUR,0.8902
365307,1,2020-01-01 00:00:00,2020-01-02 00:00:00,513045,999999,1486,3,288.00,262.08,132.44,EUR,0.8902
365307,2,2020-01-01 00:00:00,2020-01-02 00:00:00,513045,999999,1371,1,32.99,32.99,15.17,EUR,0.8902
365308,0,2020-01-01 00:00:00,2020-01-03 00:00:00,1532333,999999,1679,1,5.50,4.95,2.80,USD,1.0000
365308,1,2020-01-01 00:00:00,2020-01-03 00:00:00,1532333,999999,1619,3,59.99,59.99,27.59,USD,1.0000
365308,2,2020-01-01 00:00:00,2020-01-03 00:00:00,1532333,999999,2117,1,745.99,686.31,343.05,USD,1.0000
365309,0,2020-01-01 00:00:00,2020-01-01 00:00:00,860543,340,1711,4,70.13,69.43,32.25,EUR,0.8902
365309,1,2020-01-01 00:00:00,2020-01-01 00:00:00,860543,340,1561,7,402.00,365.82,133.19,EUR,0.8902
365309,2,2020-01-01 00:00:00,2020-01-01 00:00:00,860543,340,1592,8,17.99,17.63,8.27,EUR,0.8902
365309,3,2020-01-01 00:00:00,2020-01-01 00:00:00,860543,340,1705,3,6.88,6.81,3.16,EUR,0.8902
365310,0,2020-01-01 00:00:00,2020-01-03 00:00:00,1090241,999999,1520,3,280.00,246.40,128.76,GBP,0.7573
365310,1,2020-01-01 00:00:00,2020-01-03 00:00:00,1090241,999999,1548,2,266.00,266.00,122.32,GBP,0.7573
365311,0,2020-01-01 00:00:00,2020-01-01 00:00:00,214581,90,1624,6,219.00,219.00,72.56,CAD,1.2994
365312,0,2020-01-01 00:00:00,2020-01-05 00:00:00,2078389,999999,1432,7,300.00,267.00,137.96,USD,1.0000
365312,1,2020-01-01 00:00:00,2020-01-05 00:00:00,2078389,999999,1487,7,267.00,267.00,122.78,USD,1.0000
365313,0,2020-01-01 00:00:00,2020-01-03 00:00:00,1748093,999999,1531,5,389.00,334.54,128.88,USD,1.0000
365313,1,2020-01-01 00:00:00,2020-01-03 00:00:00,1748093,999999,1657,1,179.99,179.99,82.77,USD,1.0000
365314,0,2020-01-01 00:00:00,2020-01-03 00:00:00,2046942,999999,2111,3,877.50,877.50,403.53,USD,1.0000
365314,1,2020-01-01 00:00:00,2020-01-03 00:00:00,2046942,999999,1086,7,304.00,264.48,139.80,USD,1.0000
365314,2,2020-01-01 00:00:00,2020-01-03 00:00:00,2046942,999999,801,8,19.90,17.71,10.15,USD,1.0000
365400,0,2020-01-02 00:00:00,2020-01-09 00:00:00,1899770,999999,425,2,369.00,328.41,188.13,USD,1.0000
365401,0,2020-01-02 00:00:00,2020-01-04 00:00:00,465394,999999,1686,3,6.99,6.99,3.56,EUR,0.8934
365402,0,2020-01-02 00:00:00,2020-01-02 00:00:00,676444,130,1580,1,219.00,197.10,72.56,EUR,0.8934
365403,0,2020-01-02 00:00:00,2020-01-02 00:00:00,1470899,660,1657,2,179.99,167.39,82.77,USD,1.0000
365404,0,2020-01-02 00:00:00,2020-01-03 00:00:00,872528,999999,1456,1,301.00,301.00,138.42,EUR,0.8934
365404,1,2020-01-02 00:00:00,2020-01-03 00:00:00,872528,999999,2492,8,24.99,24.99,12.74,EUR,0.8934
365404,2,2020-01-02 00:00:00,2020-01-03 00:00:00,872528,999999,389,1,599.00,539.10,275.46,EUR,0.8934
365405,0,2020-01-02 00:00:00,2020-01-02 00:00:00,1494306,670,436,8,369.00,335.79,188.13,USD,1.0000
365405,1,2020-01-02 00:00:00,2020-01-02 00:00:00,1494306,670,1126,8,332.00,295.48,152.68,USD,1.0000
365405,2,2020-01-02 00:00:00,2020-01-02 00:00:00,1494306,670,1021,1,281.00,244.47,143.26,USD,1.0000
365405,3,2020-01-02 00:00:00,2020-01-02 00:00:00,1494306,670,1665,4,4.99,4.59,2.54,USD,1.0000
365406,0,2020-01-02 00:00:00,2020-01-05 00:00:00,1931367,999999,786,1,11.50,11.50,5.86,USD,1.0000
365406,1,2020-01-02 00:00:00,2020-01-05 00:00:00,1931367,999999,1559,2,299.00,299.00,137.50,USD,1.0000
365406,2,2020-01-02 00:00:00,2020-01-05 00:00:00,1931367,999999,1635,2,22.89,22.89,7.58,USD,1.0000
365406,3,2020-01-02 00:00:00,2020-01-05 00:00:00,1931367,999999,1652,7,179.99,179.99,82.77,USD,1.0000
365407,0,2020-01-02 00:00:00,2020-01-05 00:00:00,1493436,999999,1686,2,6.99,6.50,3.56,USD,1.0000
365408,0,2020-01-02 00:00:00,2020-01-02 00:00:00,841016,340,3,3,14.52,13.50,7.40,EUR,0.8934
365408,1,2020-01-02 00:00:00,2020-01-02 00:00:00,841016,340,2500,7,23.72,21.35,12.09,EUR,0.8934
365408,2,2020-01-02 00:00:00,2020-01-02 00:00:00,841016,340,1664,3,8.99,8.00,4.13,EUR,0.8934
365409,0,2020-01-02 00:00:00,2020-01-02 00:00:00,1588479,530,1449,1,300.00,264.00,137.96,USD,1.0000
365410,0,2020-01-02 00:00:00,2020-01-03 00:00:00,1325989,999999,1486,2,288.00,288.00,132.44,USD,1.0000
365410,1,2020-01-02 00:00:00,2020-01-03 00:00:00,1325989,999999,976,1,188.00,188.00,86.45,USD,1.0000
365411,0,2020-01-02 00:00:00,2020-01-04 00:00:00,1434436,999999,1740,3,28.00,24.64,14.28,USD,1.0000
365411,1,2020-01-02 00:00:00,2020-01-04 00:00:00,1434436,999999,453,3,229.90,200.01,117.21,USD,1.0000
365411,2,2020-01-02 00:00:00,2020-01-04 00:00:00,1434436,999999,62,5,181.00,181.00,83.24,USD,1.0000
365411,3,2020-01-02 00:00:00,2020-01-04 00:00:00,1434436,999999,1136,3,480.50,432.45,159.20,USD,1.0000
365412,0,2020-01-02 00:00:00,2020-01-02 00:00:00,140004,40,426,7,499.90,439.91,254.86,AUD,1.4300
365413,0,2020-01-02 00:00:00,2020-01-04 00:00:00,2075493,999999,1327,2,46.99,46.99,15.57,USD,1.0000
365414,0,2020-01-02 00:00:00,2020-01-02 00:00:00,435093,220,1318,4,16.99,15.29,8.66,EUR,0.8934
365414,1,2020-01-02 00:00:00,2020-01-02 00:00:00,435093,220,1636,1,12.66,12.66,5.82,EUR,0.8934
365415,0,2020-01-02 00:00:00,2020-01-04 00:00:00,1586315,999999,1502,1,239.00,219.88,109.91,USD,1.0000
365500,0,2020-01-03 00:00:00,2020-01-03 00:00:00,800925,340,1309,1,28.00,24.64,14.28,EUR,0.8971
365500,1,2020-01-03 00:00:00,2020-01-03 00:00:00,800925,340,1646,7,159.99,139.19,73.57,EUR,0.8971
365500,2,2020-01-03 00:00:00,2020-01-03 00:00:00,800925,340,1368,6,40.19,40.19,18.48,EUR,0.8971
365500,3,2020-01-03 00:00:00,2020-01-03 00:00:00,800925,340,348,4,758.00,704.94,348.58,EUR,0.8971
365501,0,2020-01-03 00:00:00,2020-01-06 00:00:00,1854685,999999,1415,2,300.00,282.00,137.96,USD,1.0000
365501,1,2020-01-03 00:00:00,2020-01-06 00:00:00,1854685,999999,1491,4,229.00,201.52,105.31,USD,1.0000
365501,2,2020-01-03 00:00:00,2020-01-06 00:00:00,1854685,999999,392,1,382.95,382.95,195.24,USD,1.0000
365501,3,2020-01-03 00:00:00,2020-01-06 00:00:00,1854685,999999,302,2,999.00,889.11,330.99,USD,1.0000
365502,0,2020-01-03 00:00:00,2020-01-05 00:00:00,641400,999999,1661,7,5.50,4.90,2.80,EUR,0.8971
365502,1,2020-01-03 00:00:00,2020-01-05 00:00:00,641400,999999,1445,4,268.00,268.00,123.24,EUR,0.8971
365503,0,2020-01-03 00:00:00,2020-01-09 00:00:00,1187889,999999,1571,4,56.99,50.72,26.21,GBP,0.7636
365503,1,2020-01-03 00:00:00,2020-01-09 00:00:00,1187889,999999,1331,7,26.99,23.21,12.41,GBP,0.7636
365503,2,2020-01-03 00:00:00,2020-01-09 00:00:00,1187889,999999,1694,6,8.88,7.99,4.08,GBP,0.7636
365503,3,2020-01-03 00:00:00,2020-01-09 00:00:00,1187889,999999,561,3,139.00,125.10,70.87,GBP,0.7636
365503,4,2020-01-03 00:00:00,2020-01-09 00:00:00,1187889,999999,1421,2,290.00,290.00,133.36,GBP,0.7636
365504,0,2020-01-03 00:00:00,2020-01-03 00:00:00,1418460,540,2108,1,508.00,441.96,258.99,USD,1.0000
365504,1,2020-01-03 00:00:00,2020-01-03 00:00:00,1418460,540,19,2,109.95,102.25,50.56,USD,1.0000
365505,0,2020-01-03 00:00:00,2020-01-08 00:00:00,1535424,999999,1611,1,159.99,159.99,73.57,USD,1.0000
365506,0,2020-01-03 00:00:00,2020-01-05 00:00:00,602182,999999,2096,3,877.50,877.50,403.53,EUR,0.8971
365507,0,2020-01-03 00:00:00,2020-01-03 00:00:00,300583,80,2090,1,1475.00,1475.00,488.70,CAD,1.2982
365508,0,2020-01-03 00:00:00,2020-01-03 00:00:00,450210,255,772,3,11.90,11.78,6.07,EUR,0.8971
365508,1,2020-01-03 00:00:00,2020-01-03 00:00:00,450210,255,742,3,102.00,91.80,52.00,EUR,0.8971
365508,2,2020-01-03 00:00:00,2020-01-03 00:00:00,450210,255,430,4,269.95,242.96,137.63,EUR,0.8971
365509,0,2020-01-03 00:00:00,2020-01-03 00:00:00,163330,60,10,4,59.99,59.39,30.58,AUD,1.4381
365600,0,2020-01-04 00:00:00,2020-01-04 00:00:00,1021070,360,123,2,279.99,243.59,128.76,GBP,0.7636
365600,1,2020-01-04 00:00:00,2020-01-04 00:00:00,1021070,360,2091,2,877.50,780.98,403.53,GBP,0.7636
365601,0,2020-01-04 00:00:00,2020-01-04 00:00:00,1556291,570,1589,2,9.99,8.89,5.09,USD,1.0000
365601,1,2020-01-04 00:00:00,2020-01-04 00:00:00,1556291,570,737,6,159.00,159.00,73.12,USD,1.0000
365602,0,2020-01-04 00:00:00,2020-01-04 00:00:00,1575457,590,898,2,41.73,37.56,21.28,USD,1.0000
365603,0,2020-01-04 00:00:00,2020-01-08 00:00:00,525739,999999,1262,2,36.99,32.55,18.86,EUR,0.8971
365603,1,2020-01-04 00:00:00,2020-01-08 00:00:00,525739,999999,1625,3,219.00,194.91,72.56,EUR,0.8971
365603,2,2020-01-04 00:00:00,2020-01-08 00:00:00,525739,999999,1687,7,6.88,6.12,3.16,EUR,0.8971
365603,3,2020-01-04 00:00:00,2020-01-08 00:00:00,525739,999999,959,7,200.00,180.00,66.26,EUR,0.8971
365603,4,2020-01-04 00:00:00,2020-01-08 00:00:00,525739,999999,1736,1,28.00,24.36,14.28,EUR,0.8971
365603,5,2020-01-04 00:00:00,2020-01-08 00:00:00,525739,999999,123,6,279.99,246.39,128.76,EUR,0.8971
365603,6,2020-01-04 00:00:00,2020-01-08 00:00:00,525739,999999,1629,7,9.99,9.99,5.09,EUR,0.8971
365604,0,2020-01-04 00:00:00,2020-01-06 00:00:00,1498604,999999,415,2,326.00,326.00,166.20,USD,1.0000
365604,1,2020-01-04 00:00:00,2020-01-06 00:00:00,1498604,999999,1703,5,5.39,5.07,2.75,USD,1.0000
365604,2,2020-01-04 00:00:00,2020-01-06 00:00:00,1498604,999999,1620,6,60.99,54.28,28.05,USD,1.0000
365606,0,2020-01-04 00:00:00,2020-01-06 00:00:00,865484,999999,1621,2,12.99,11.17,6.62,EUR,0.8971
365607,0,2020-01-04 00:00:00,2020-01-04 00:00:00,1946834,550,437,7,499.90,449.91,254.86,USD,1.0000
365607,1,2020-01-04 00:00:00,2020-01-04 00:00:00,1946834,550,2489,1,14.99,13.34,7.64,USD,1.0000
365608,0,2020-01-04 00:00:00,2020-01-08 00:00:00,524672,999999,1569,6,299.00,263.12,137.50,EUR,0.8971
365608,1,2020-01-04 00:00:00,2020-01-08 00:00:00,524672,999999,1712,7,70.13,64.52,32.25,EUR,0.8971
365608,2,2020-01-04 00:00:00,2020-01-08 00:00:00,524672,999999,1516,6,288.00,276.48,132.44,EUR,0.8971
365609,0,2020-01-04 00:00:00,2020-01-11 00:00:00,1432533,999999,2142,6,445.00,445.00,204.64,USD,1.0000
365609,1,2020-01-04 00:00:00,2020-01-11 00:00:00,1432533,999999,154,7,469.97,469.97,216.12,USD,1.0000
365610,0,2020-01-04 00:00:00,2020-01-08 00:00:00,2037691,999999,1574,1,59.99,52.79,27.59,USD,1.0000
365610,1,2020-01-04 00:00:00,2020-01-08 00:00:00,2037691,999999,1647,7,179.99,179.99,82.77,USD,1.0000
365610,2,2020-01-04 00:00:00,2020-01-08 00:00:00,2037691,999999,1358,2,39.99,39.99,18.39,USD,1.0000
365610,3,2020-01-04 00:00:00,2020-01-08 00:00:00,2037691,999999,1444,3,230.00,204.70,105.77,USD,1.0000
365610,4,2020-01-04 00:00:00,2020-01-08 00:00:00,2037691,999999,1322,3,32.99,32.99,15.17,USD,1.0000
365610,5,2020-01-04 00:00:00,2020-01-08 00:00:00,2037691,999999,1676,1,8.99,8.99,4.13,USD,1.0000
365611,0,2020-01-04 00:00:00,2020-01-04 00:00:00,537979,190,56,2,296.00,296.00,98.07,EUR,0.8971
365611,1,2020-01-04 00:00:00,2020-01-04 00:00:00,537979,190,2106,1,877.50,877.50,403.53,EUR,0.8971
365611,2,2020-01-04 00:00:00,2020-01-04 00:00:00,537979,190,1442,1,529.00,529.00,175.27,EUR,0.8971
365611,3,2020-01-04 00:00:00,2020-01-04 00:00:00,537979,190,1790,1,43.00,40.42,21.92,EUR,0.8971
365612,0,2020-01-04 00:00:00,2020-01-04 00:00:00,835237,310,1487,3,267.00,248.31,122.78,EUR,0.8971
365612,1,2020-01-04 00:00:00,2020-01-04 00:00:00,835237,310,1999,4,99.99,85.99,50.98,EUR,0.8971
365613,0,2020-01-04 00:00:00,2020-01-07 00:00:00,458855,999999,1642,1,57.88,50.93,26.62,EUR,0.8971
365614,0,2020-01-04 00:00:00,2020-01-04 00:00:00,1094377,390,1580,1,219.00,188.34,72.56,GBP,0.7636
365614,1,2020-01-04 00:00:00,2020-01-04 00:00:00,1094377,390,1769,3,34.00,30.60,15.64,GBP,0.7636
365615,0,2020-01-04 00:00:00,2020-01-04 00:00:00,57404,35,1605,6,289.99,289.99,96.08,AUD,1.4381
365616,0,2020-01-04 00:00:00,2020-01-07 00:00:00,1384785,999999,1544,1,238.00,238.00,109.45,USD,1.0000
365616,1,2020-01-04 00:00:00,2020-01-07 00:00:00,1384785,999999,134,2,349.95,304.46,160.93,USD,1.0000
365616,2,2020-01-04 00:00:00,2020-01-07 00:00:00,1384785,999999,2505,3,9.99,9.99,5.09,USD,1.0000
365700,0,2020-01-05 00:00:00,2020-01-09 00:00:00,726285,999999,46,2,149.95,134.96,76.45,EUR,0.8971
365700,1,2020-01-05 00:00:00,2020-01-09 00:00:00,726285,999999,1274,9,52.13,52.13,26.58,EUR,0.8971
365800,0,2020-01-06 00:00:00,2020-01-06 00:00:00,326829,80,75,1,37.95,37.95,17.45,CAD,1.2976
365800,1,2020-01-06 00:00:00,2020-01-06 00:00:00,326829,80,2081,3,179.99,170.99,82.77,CAD,1.2976
365800,2,2020-01-06 00:00:00,2020-01-06 00:00:00,326829,80,405,1,699.00,699.00,321.44,CAD,1.2976
365800,3,2020-01-06 00:00:00,2020-01-06 00:00:00,326829,80,1454,1,199.00,171.14,91.51,CAD,1.2976
365800,4,2020-01-06 00:00:00,2020-01-06 00:00:00,326829,80,1408,2,529.00,481.39,175.27,CAD,1.2976
365800,5,2020-01-06 00:00:00,2020-01-06 00:00:00,326829,80,1638,3,13.89,13.20,6.39,CAD,1.2976
365801,0,2020-01-06 00:00:00,2020-01-08 00:00:00,1837661,999999,334,1,999.00,899.10,330.99,USD,1.0000
365802,0,2020-01-06 00:00:00,2020-01-06 00:00:00,371261,80,1778,1,43.00,36.98,21.92,CAD,1.2976
365803,0,2020-01-06 00:00:00,2020-01-09 00:00:00,2040193,999999,385,4,326.00,296.66,166.20,USD,1.0000
365803,1,2020-01-06 00:00:00,2020-01-09 00:00:00,2040193,999999,126,2,143.40,143.40,73.11,USD,1.0000
365804,0,2020-01-06 00:00:00,2020-01-06 00:00:00,525318,190,675,2,219.00,205.86,72.56,EUR,0.8933
365804,1,2020-01-06 00:00:00,2020-01-06 00:00:00,525318,190,668,2,147.00,133.77,67.60,EUR,0.8933
365804,2,2020-01-06 00:00:00,2020-01-06 00:00:00,525318,190,1658,3,109.99,101.19,56.08,EUR,0.8933
365805,0,2020-01-06 00:00:00,2020-01-06 00:00:00,2030438,440,1673,9,5.50,5.50,2.80,USD,1.0000
365805,1,2020-01-06 00:00:00,2020-01-06 00:00:00,2030438,440,1459,7,256.00,256.00,117.73,USD,1.0000
365805,2,2020-01-06 00:00:00,2020-01-06 00:00:00,2030438,440,599,2,2295.00,2042.55,760.38,USD,1.0000
365900,0,2020-01-07 00:00:00,2020-01-07 00:00:00,1284621,500,51,1,199.95,173.96,91.95,USD,1.0000
365900,1,2020-01-07 00:00:00,2020-01-07 00:00:00,1284621,500,1449,1,300.00,270.00,137.96,USD,1.0000
365901,0,2020-01-07 00:00:00,2020-01-08 00:00:00,1538073,999999,1680,2,6.99,6.71,3.56,USD,1.0000
365901,1,2020-01-07 00:00:00,2020-01-08 00:00:00,1538073,999999,1680,2,6.99,6.99,3.56,USD,1.0000
365902,0,2020-01-07 00:00:00,2020-01-10 00:00:00,138158,999999,887,6,50.00,43.00,25.49,AUD,1.4546
365903,0,2020-01-07 00:00:00,2020-01-07 00:00:00,956915,390,1486,1,288.00,288.00,132.44,GBP,0.7625
365903,1,2020-01-07 00:00:00,2020-01-07 00:00:00,956915,390,1647,7,179.99,156.59,82.77,GBP,0.7625
365904,0,2020-01-07 00:00:00,2020-01-10 00:00:00,172877,999999,528,2,819.00,819.00,271.35,AUD,1.4546
365904,1,2020-01-07 00:00:00,2020-01-10 00:00:00,172877,999999,1502,7,239.00,239.00,109.91,AUD,1.4546
365905,0,2020-01-07 00:00:00,2020-01-12 00:00:00,596817,999999,1615,1,289.99,266.79,96.08,EUR,0.8951
365906,0,2020-01-07 00:00:00,2020-01-10 00:00:00,1808200,999999,1688,6,8.88,8.88,4.08,USD,1.0000
365907,0,2020-01-07 00:00:00,2020-01-11 00:00:00,141331,999999,430,3,269.95,242.96,137.63,AUD,1.4546
366000,0,2020-01-08 00:00:00,2020-01-12 00:00:00,581028,999999,409,1,326.00,293.40,166.20,EUR,0.8997
366001,0,2020-01-08 00:00:00,2020-01-11 00:00:00,481506,999999,177,1,56.90,52.35,29.01,EUR,0.8997
366001,1,2020-01-08 00:00:00,2020-01-11 00:00:00,481506,999999,1339,2,35.99,32.75,16.55,EUR,0.8997
366001,2,2020-01-08 00:00:00,2020-01-11 00:00:00,481506,999999,1906,2,299.99,260.99,152.94,EUR,0.8997
366001,3,2020-01-08 00:00:00,2020-01-11 00:00:00,481506,999999,2299,2,101.99,101.99,52.00,EUR,0.8997
366001,4,2020-01-08 00:00:00,2020-01-11 00:00:00,481506,999999,1643,1,57.88,52.09,26.62,EUR,0.8997
366001,5,2020-01-08 00:00:00,2020-01-11 00:00:00,481506,999999,1581,2,219.00,188.34,72.56,EUR,0.8997
366001,6,2020-01-08 00:00:00,2020-01-11 00:00:00,481506,999999,191,1,66.00,66.00,33.65,EUR,0.8997
366002,0,2020-01-08 00:00:00,2020-01-09 00:00:00,1493184,999999,1413,2,299.00,299.00,137.50,USD,1.0000
366003,0,2020-01-08 00:00:00,2020-01-09 00:00:00,334559,999999,1118,3,334.00,290.58,153.59,CAD,1.3018
366003,1,2020-01-08 00:00:00,2020-01-09 00:00:00,334559,999999,1459,7,256.00,227.84,117.73,CAD,1.3018
366003,2,2020-01-08 00:00:00,2020-01-09 00:00:00,334559,999999,590,1,999.00,879.12,459.40,CAD,1.3018
366003,3,2020-01-08 00:00:00,2020-01-09 00:00:00,334559,999999,2146,7,1650.00,1501.50,546.68,CAD,1.3018
366004,0,2020-01-08 00:00:00,2020-01-08 00:00:00,217933,80,419,9,369.00,328.41,188.13,CAD,1.3018
366005,0,2020-01-08 00:00:00,2020-01-15 00:00:00,1516146,999999,1778,1,43.00,39.99,21.92,USD,1.0000
366006,0,2020-01-08 00:00:00,2020-01-08 00:00:00,885101,340,1629,1,9.99,8.79,5.09,EUR,0.8997
366007,0,2020-01-08 00:00:00,2020-01-09 00:00:00,1272032,999999,1649,7,259.99,239.19,86.14,USD,1.0000
366008,0,2020-01-08 00:00:00,2020-01-12 00:00:00,1512372,999999,1641,2,12.66,11.90,5.82,USD,1.0000
366008,1,2020-01-08 00:00:00,2020-01-12 00:00:00,1512372,999999,860,3,29.95,26.36,13.77,USD,1.0000
366008,2,2020-01-08 00:00:00,2020-01-12 00:00:00,1512372,999999,831,8,19.90,19.90,10.15,USD,1.0000
366100,0,2020-01-09 00:00:00,2020-01-09 00:00:00,558163,220,1613,4,109.99,109.99,56.08,EUR,0.9001
366100,1,2020-01-09 00:00:00,2020-01-09 00:00:00,558163,220,1617,2,57.99,57.99,26.67,EUR,0.9001
366101,0,2020-01-09 00:00:00,2020-01-12 00:00:00,503817,999999,1879,3,1818.00,1654.38,836.03,EUR,0.9001
366102,0,2020-01-09 00:00:00,2020-01-11 00:00:00,1970862,999999,1624,1,219.00,219.00,72.56,USD,1.0000
366102,1,2020-01-09 00:00:00,2020-01-11 00:00:00,1970862,999999,285,8,329.00,329.00,167.73,USD,1.0000
366103,0,2020-01-09 00:00:00,2020-01-14 00:00:00,1685923,999999,2369,5,635.99,572.39,210.72,USD,1.0000
366103,1,2020-01-09 00:00:00,2020-01-14 00:00:00,1685923,999999,2498,4,23.72,20.64,12.09,USD,1.0000
366103,2,2020-01-09 00:00:00,2020-01-14 00:00:00,1685923,999999,1527,5,268.00,241.20,123.24,USD,1.0000
366103,3,2020-01-09 00:00:00,2020-01-14 00:00:00,1685923,999999,2436,2,44.99,44.99,22.94,USD,1.0000
366103,4,2020-01-09 00:00:00,2020-01-14 00:00:00,1685923,999999,410,4,1299.00,1299.00,430.38,USD,1.0000
366104,0,2020-01-09 00:00:00,2020-01-09 00:00:00,1629416,605,1619,6,59.99,59.99,27.59,USD,1.0000
366104,1,2020-01-09 00:00:00,2020-01-09 00:00:00,1629416,605,1665,3,4.99,4.54,2.54,USD,1.0000
366104,2,2020-01-09 00:00:00,2020-01-09 00:00:00,1629416,605,436,1,369.00,369.00,188.13,USD,1.0000
366105,0,2020-01-09 00:00:00,2020-01-12 00:00:00,41404,999999,98,4,120.00,104.40,55.18,AUD,1.4575
366105,1,2020-01-09 00:00:00,2020-01-12 00:00:00,41404,999999,1439,1,301.00,301.00,138.42,AUD,1.4575
366106,0,2020-01-09 00:00:00,2020-01-13 00:00:00,99126,999999,1494,7,208.00,208.00,95.65,AUD,1.4575
366106,1,2020-01-09 00:00:00,2020-01-13 00:00:00,99126,999999,1775,2,43.00,43.00,21.92,AUD,1.4575
366106,2,2020-01-09 00:00:00,2020-01-13 00:00:00,99126,999999,410,3,1299.00,1117.14,430.38,AUD,1.4575
366107,0,2020-01-09 00:00:00,2020-01-13 00:00:00,1526254,999999,456,1,559.00,503.10,257.06,USD,1.0000
366108,0,2020-01-09 00:00:00,2020-01-09 00:00:00,845401,340,522,3,279.00,245.52,128.30,EUR,0.9001
366200,0,2020-01-10 00:00:00,2020-01-12 00:00:00,126738,999999,1465,2,199.00,183.08,91.51,AUD,1.4545
366200,1,2020-01-10 00:00:00,2020-01-12 00:00:00,126738,999999,1052,3,627.00,545.49,207.74,AUD,1.4545
366200,2,2020-01-10 00:00:00,2020-01-12 00:00:00,126738,999999,996,4,186.90,162.60,85.95,AUD,1.4545
366201,0,2020-01-10 00:00:00,2020-01-10 00:00:00,1904330,450,1462,1,268.00,233.16,123.24,USD,1.0000
366201,1,2020-01-10 00:00:00,2020-01-10 00:00:00,1904330,450,1544,2,238.00,216.58,109.45,USD,1.0000
366202,0,2020-01-10 00:00:00,2020-01-12 00:00:00,289810,999999,1606,1,159.99,143.99,73.57,CAD,1.3072
366203,0,2020-01-10 00:00:00,2020-01-10 00:00:00,253001,74,1613,4,109.99,109.99,56.08,CAD,1.3072
366203,1,2020-01-10 00:00:00,2020-01-10 00:00:00,253001,74,1718,1,70.13,70.13,32.25,CAD,1.3072
366203,2,2020-01-10 00:00:00,2020-01-10 00:00:00,253001,74,1644,2,57.88,57.88,26.62,CAD,1.3072
366204,0,2020-01-10 00:00:00,2020-01-10 00:00:00,380442,74,618,4,299.00,266.11,99.06,CAD,1.3072
366204,1,2020-01-10 00:00:00,2020-01-10 00:00:00,380442,74,390,4,1299.00,1195.08,430.38,CAD,1.3072
366300,0,2020-01-11 00:00:00,2020-01-12 00:00:00,1266478,999999,692,2,248.00,248.00,82.17,USD,1.0000
366300,1,2020-01-11 00:00:00,2020-01-12 00:00:00,1266478,999999,2504,3,9.99,8.89,5.09,USD,1.0000
366300,2,2020-01-11 00:00:00,2020-01-12 00:00:00,1266478,999999,1656,3,159.99,137.59,73.57,USD,1.0000
366301,0,2020-01-11 00:00:00,2020-01-14 00:00:00,497724,999999,1696,1,16.99,16.99,5.63,EUR,0.9016
366301,1,2020-01-11 00:00:00,2020-01-14 00:00:00,497724,999999,147,1,2899.99,2812.99,960.82,EUR,0.9016
366301,2,2020-01-11 00:00:00,2020-01-14 00:00:00,497724,999999,1545,1,268.00,268.00,123.24,EUR,0.9016
366301,3,2020-01-11 00:00:00,2020-01-14 00:00:00,497724,999999,2493,1,24.99,23.24,12.74,EUR,0.9016
366302,0,2020-01-11 00:00:00,2020-01-11 00:00:00,869170,340,1592,2,17.99,16.01,8.27,EUR,0.9016
366302,1,2020-01-11 00:00:00,2020-01-11 00:00:00,869170,340,1534,7,398.00,350.24,131.87,EUR,0.9016
366302,2,2020-01-11 00:00:00,2020-01-11 00:00:00,869170,340,2369,3,635.99,591.47,210.72,EUR,0.9016
366303,0,2020-01-11 00:00:00,2020-01-13 00:00:00,1355994,999999,524,5,179.00,179.00,82.32,USD,1.0000
366304,0,2020-01-11 00:00:00,2020-01-15 00:00:00,599398,999999,1786,8,43.00,43.00,21.92,EUR,0.9016
366304,1,2020-01-11 00:00:00,2020-01-15 00:00:00,599398,999999,2014,3,199.99,199.99,91.97,EUR,0.9016
366305,0,2020-01-11 00:00:00,2020-01-14 00:00:00,887497,999999,1612,4,179.99,163.79,82.77,EUR,0.9016
366306,0,2020-01-11 00:00:00,2020-01-11 00:00:00,1936378,450,1698,1,6.99,6.99,3.56,USD,1.0000
366307,0,2020-01-11 00:00:00,2020-01-11 00:00:00,198982,60,327,10,279.00,251.10,142.24,AUD,1.4545
366307,1,2020-01-11 00:00:00,2020-01-11 00:00:00,198982,60,1592,2,17.99,17.99,8.27,AUD,1.4545
366307,2,2020-01-11 00:00:00,2020-01-11 00:00:00,198982,60,2,4,12.99,12.99,6.62,AUD,1.4545
366308,0,2020-01-11 00:00:00,2020-01-11 00:00:00,179510,35,494,3,279.00,242.73,128.30,AUD,1.4545
366308,1,2020-01-11 00:00:00,2020-01-11 00:00:00,179510,35,1683,5,4.99,4.39,2.54,AUD,1.4545
366308,2,2020-01-11 00:00:00,2020-01-11 00:00:00,179510,35,309,5,499.00,449.10,229.47,AUD,1.4545
366308,4,2020-01-11 00:00:00,2020-01-11 00:00:00,179510,35,910,5,102.00,102.00,52.00,AUD,1.4545
366308,5,2020-01-11 00:00:00,2020-01-11 00:00:00,179510,35,1676,3,8.99,7.82,4.13,AUD,1.4545
366308,6,2020-01-11 00:00:00,2020-01-11 00:00:00,179510,35,1042,2,198.00,178.20,91.05,AUD,1.4545
366500,0,2020-01-13 00:00:00,2020-01-18 00:00:00,1776240,999999,291,2,360.00,342.00,183.54,USD,1.0000
366500,1,2020-01-13 00:00:00,2020-01-18 00:00:00,1776240,999999,460,2,299.90,266.91,152.90,USD,1.0000
366500,2,2020-01-13 00:00:00,2020-01-18 00:00:00,1776240,999999,389,1,599.00,599.00,275.46,USD,1.0000
366501,0,2020-01-13 00:00:00,2020-01-17 00:00:00,232720,999999,297,4,269.00,258.24,137.14,CAD,1.3045
366502,0,2020-01-13 00:00:00,2020-01-17 00:00:00,637213,999999,1376,1,31.00,31.00,10.27,EUR,0.8988
366502,1,2020-01-13 00:00:00,2020-01-17 00:00:00,637213,999999,1622,3,219.00,216.81,72.56,EUR,0.8988
366502,2,2020-01-13 00:00:00,2020-01-17 00:00:00,637213,999999,106,5,132.99,118.36,61.16,EUR,0.8988
366600,0,2020-01-14 00:00:00,2020-01-15 00:00:00,2035769,999999,1608,7,109.99,109.99,56.08,USD,1.0000
366600,1,2020-01-14 00:00:00,2020-01-15 00:00:00,2035769,999999,209,3,699.00,622.11,321.44,USD,1.0000
366601,0,2020-01-14 00:00:00,2020-01-14 00:00:00,443683,210,984,2,198.00,198.00,91.05,EUR,0.8997
366601,1,2020-01-14 00:00:00,2020-01-14 00:00:00,443683,210,1683,3,4.99,4.99,2.54,EUR,0.8997
366601,2,2020-01-14 00:00:00,2020-01-14 00:00:00,443683,210,1471,1,229.00,199.23,105.31,EUR,0.8997
366602,0,2020-01-14 00:00:00,2020-01-14 00:00:00,1865307,590,1623,7,219.00,219.00,72.56,USD,1.0000
366602,1,2020-01-14 00:00:00,2020-01-14 00:00:00,1865307,590,1802,3,32.00,32.00,16.31,USD,1.0000
366602,2,2020-01-14 00:00:00,2020-01-14 00:00:00,1865307,590,1417,1,268.00,268.00,123.24,USD,1.0000
366603,0,2020-01-14 00:00:00,2020-01-14 00:00:00,1357707,470,662,7,236.00,236.00,78.19,USD,1.0000
366603,1,2020-01-14 00:00:00,2020-01-14 00:00:00,1357707,470,1805,3,32.00,27.84,16.31,USD,1.0000
366603,2,2020-01-14 00:00:00,2020-01-14 00:00:00,1357707,470,166,1,119.00,119.00,54.72,USD,1.0000
366603,3,2020-01-14 00:00:00,2020-01-14 00:00:00,1357707,470,1658,1,109.99,97.89,56.08,USD,1.0000
366603,4,2020-01-14 00:00:00,2020-01-14 00:00:00,1357707,470,44,2,232.00,204.16,106.69,USD,1.0000
366700,0,2020-01-15 00:00:00,2020-01-15 00:00:00,817004,320,1838,9,1989.00,1710.54,914.67,EUR,0.8975
366701,0,2020-01-15 00:00:00,2020-01-15 00:00:00,1245241,430,351,1,336.00,336.00,171.30,USD,1.0000
366702,0,2020-01-15 00:00:00,2020-01-15 00:00:00,400665,255,447,3,229.90,211.51,117.21,EUR,0.8975
366703,0,2020-01-15 00:00:00,2020-01-17 00:00:00,2043091,999999,292,4,500.00,500.00,229.93,USD,1.0000
366703,1,2020-01-15 00:00:00,2020-01-17 00:00:00,2043091,999999,2107,1,791.00,719.81,363.75,USD,1.0000
366704,0,2020-01-15 00:00:00,2020-01-18 00:00:00,1466422,999999,519,4,619.00,532.34,205.09,USD,1.0000
366705,0,2020-01-15 00:00:00,2020-01-20 00:00:00,1090647,999999,416,2,969.00,969.00,321.05,GBP,0.7690
366705,1,2020-01-15 00:00:00,2020-01-20 00:00:00,1090647,999999,1898,3,899.00,899.00,413.42,GBP,0.7690
366800,0,2020-01-16 00:00:00,2020-01-16 00:00:00,1514026,585,2496,1,9.99,9.99,5.09,USD,1.0000
366800,1,2020-01-16 00:00:00,2020-01-16 00:00:00,1514026,585,373,3,326.00,283.62,166.20,USD,1.0000
366800,2,2020-01-16 00:00:00,2020-01-16 00:00:00,1514026,585,621,5,139.00,123.71,70.87,USD,1.0000
366801,0,2020-01-16 00:00:00,2020-01-18 00:00:00,736014,999999,374,1,1299.00,1195.08,430.38,EUR,0.8953
366801,1,2020-01-16 00:00:00,2020-01-18 00:00:00,736014,999999,1699,2,6.88,6.05,3.16,EUR,0.8953
366801,2,2020-01-16 00:00:00,2020-01-18 00:00:00,736014,999999,1686,7,6.99,6.50,3.56,EUR,0.8953
366801,3,2020-01-16 00:00:00,2020-01-18 00:00:00,736014,999999,1718,10,70.13,70.13,32.25,EUR,0.8953
366802,0,2020-01-16 00:00:00,2020-01-16 00:00:00,374695,100,1480,2,129.00,121.26,65.77,CAD,1.3035
366802,1,2020-01-16 00:00:00,2020-01-16 00:00:00,374695,100,110,4,132.99,132.99,61.16,CAD,1.3035
366803,0,2020-01-16 00:00:00,2020-01-19 00:00:00,1394357,999999,855,1,129.00,129.00,59.32,USD,1.0000
366803,1,2020-01-16 00:00:00,2020-01-19 00:00:00,1394357,999999,1578,1,219.00,188.34,72.56,USD,1.0000
366804,0,2020-01-16 00:00:00,2020-01-16 00:00:00,283906,90,1346,2,23.00,20.70,10.58,CAD,1.3035
366804,1,2020-01-16 00:00:00,2020-01-16 00:00:00,283906,90,969,6,196.90,173.27,90.55,CAD,1.3035
366804,2,2020-01-16 00:00:00,2020-01-16 00:00:00,283906,90,1573,5,58.99,52.50,27.13,CAD,1.3035
366805,0,2020-01-16 00:00:00,2020-01-16 00:00:00,231294,80,2080,3,199.99,187.99,91.97,CAD,1.3035
366806,0,2020-01-16 00:00:00,2020-01-20 00:00:00,1738763,999999,1651,6,159.99,145.59,73.57,USD,1.0000
366900,0,2020-01-17 00:00:00,2020-01-17 00:00:00,376708,74,1629,8,9.99,9.99,5.09,CAD,1.3052
366901,0,2020-01-17 00:00:00,2020-01-21 00:00:00,1630626,999999,363,1,699.00,601.14,321.44,USD,1.0000
366902,0,2020-01-17 00:00:00,2020-01-17 00:00:00,1683364,510,1666,6,16.89,14.86,5.60,USD,1.0000
366903,0,2020-01-17 00:00:00,2020-01-19 00:00:00,1512517,999999,1625,1,219.00,194.91,72.56,USD,1.0000
366903,1,2020-01-17 00:00:00,2020-01-19 00:00:00,1512517,999999,1790,1,43.00,38.70,21.92,USD,1.0000
367000,0,2020-01-18 00:00:00,2020-01-18 00:00:00,287537,74,648,1,79.00,70.31,40.28,CAD,1.3052
367000,1,2020-01-18 00:00:00,2020-01-18 00:00:00,287537,74,1447,4,299.00,263.12,137.50,CAD,1.3052
367000,2,2020-01-18 00:00:00,2020-01-18 00:00:00,287537,74,1434,5,268.00,235.84,123.24,CAD,1.3052
367001,0,2020-01-18 00:00:00,2020-01-20 00:00:00,1907830,999999,1694,1,8.88,7.90,4.08,USD,1.0000
367002,0,2020-01-18 00:00:00,2020-01-18 00:00:00,1383827,620,1434,2,268.00,268.00,123.24,USD,1.0000
367002,1,2020-01-18 00:00:00,2020-01-18 00:00:00,1383827,620,2498,3,23.72,23.72,12.09,USD,1.0000
367002,2,2020-01-18 00:00:00,2020-01-18 00:00:00,1383827,620,1592,3,17.99,15.65,8.27,USD,1.0000
367002,3,2020-01-18 00:00:00,2020-01-18 00:00:00,1383827,620,1198,1,411.00,369.90,209.54,USD,1.0000
367003,0,2020-01-18 00:00:00,2020-01-18 00:00:00,1060487,390,1587,9,17.99,17.99,8.27,GBP,0.7662
367003,1,2020-01-18 00:00:00,2020-01-18 00:00:00,1060487,390,1526,3,238.00,214.20,109.45,GBP,0.7662
367004,0,2020-01-18 00:00:00,2020-01-20 00:00:00,1026682,999999,2378,2,429.99,399.89,197.74,GBP,0.7662
367004,1,2020-01-18 00:00:00,2020-01-20 00:00:00,1026682,999999,1411,1,268.00,233.16,123.24,GBP,0.7662
367004,2,2020-01-18 00:00:00,2020-01-20 00:00:00,1026682,999999,430,8,269.95,269.95,137.63,GBP,0.7662
367005,0,2020-01-18 00:00:00,2020-01-19 00:00:00,1805773,999999,300,4,219.00,188.34,111.65,USD,1.0000
367005,1,2020-01-18 00:00:00,2020-01-19 00:00:00,1805773,999999,421,1,469.00,469.00,215.68,USD,1.0000
367006,0,2020-01-18 00:00:00,2020-01-19 00:00:00,1251230,999999,2062,7,199.99,175.99,91.97,USD,1.0000
367007,0,2020-01-18 00:00:00,2020-01-21 00:00:00,1386969,999999,2490,1,14.99,14.99,7.64,USD,1.0000
367007,1,2020-01-18 00:00:00,2020-01-21 00:00:00,1386969,999999,697,3,147.00,147.00,67.60,USD,1.0000
367007,2,2020-01-18 00:00:00,2020-01-21 00:00:00,1386969,999999,1393,1,46.99,42.76,15.57,USD,1.0000
367008,0,2020-01-18 00:00:00,2020-01-20 00:00:00,1464374,999999,1721,9,70.13,63.12,32.25,USD,1.0000
367008,1,2020-01-18 00:00:00,2020-01-20 00:00:00,1464374,999999,600,6,2499.00,2224.11,827.97,USD,1.0000
367008,2,2020-01-18 00:00:00,2020-01-20 00:00:00,1464374,999999,1674,4,6.99,6.22,3.56,USD,1.0000
367200,0,2020-01-20 00:00:00,2020-01-22 00:00:00,404757,999999,152,5,1184.97,1042.77,392.60,EUR,0.9021
367200,1,2020-01-20 00:00:00,2020-01-22 00:00:00,404757,999999,1566,3,266.00,266.00,122.32,EUR,0.9021
367200,2,2020-01-20 00:00:00,2020-01-22 00:00:00,404757,999999,1658,1,109.99,98.99,56.08,EUR,0.9021
367200,3,2020-01-20 00:00:00,2020-01-22 00:00:00,404757,999999,1821,2,32.00,32.00,16.31,EUR,0.9021
367201,0,2020-01-20 00:00:00,2020-01-24 00:00:00,790916,999999,1299,3,25.00,25.00,11.50,EUR,0.9021
367201,1,2020-01-20 00:00:00,2020-01-24 00:00:00,790916,999999,146,5,2899.99,2580.99,960.82,EUR,0.9021
367202,0,2020-01-20 00:00:00,2020-01-22 00:00:00,174573,999999,2088,5,508.00,462.28,258.99,AUD,1.4573
367300,0,2020-01-21 00:00:00,2020-01-25 00:00:00,1477839,999999,1138,1,391.90,348.79,180.22,USD,1.0000
367300,1,2020-01-21 00:00:00,2020-01-25 00:00:00,1477839,999999,1474,2,208.00,183.04,95.65,USD,1.0000
367300,2,2020-01-21 00:00:00,2020-01-25 00:00:00,1477839,999999,2016,1,139.99,139.99,71.37,USD,1.0000
367300,3,2020-01-21 00:00:00,2020-01-25 00:00:00,1477839,999999,1537,3,368.00,327.52,121.93,USD,1.0000
367300,4,2020-01-21 00:00:00,2020-01-25 00:00:00,1477839,999999,1792,1,43.00,43.00,21.92,USD,1.0000
367300,5,2020-01-21 00:00:00,2020-01-25 00:00:00,1477839,999999,1663,2,6.89,6.06,3.17,USD,1.0000
367301,0,2020-01-21 00:00:00,2020-01-21 00:00:00,1889018,500,1357,2,38.99,38.99,17.93,USD,1.0000
367302,0,2020-01-21 00:00:00,2020-01-25 00:00:00,1858412,999999,983,1,196.90,179.18,90.55,USD,1.0000
367302,1,2020-01-21 00:00:00,2020-01-25 00:00:00,1858412,999999,1558,6,380.00,380.00,125.90,USD,1.0000
367302,2,2020-01-21 00:00:00,2020-01-25 00:00:00,1858412,999999,597,3,139.00,139.00,70.87,USD,1.0000
367302,3,2020-01-21 00:00:00,2020-01-25 00:00:00,1858412,999999,486,4,69.00,69.00,35.18,USD,1.0000
367303,0,2020-01-21 00:00:00,2020-01-21 00:00:00,2060646,500,702,4,79.00,74.26,40.28,USD,1.0000
367303,1,2020-01-21 00:00:00,2020-01-21 00:00:00,2060646,500,2508,1,4.74,4.36,2.42,USD,1.0000
367303,2,2020-01-21 00:00:00,2020-01-21 00:00:00,2060646,500,1680,3,6.99,6.99,3.56,USD,1.0000
367303,3,2020-01-21 00:00:00,2020-01-21 00:00:00,2060646,500,122,1,279.99,249.19,128.76,USD,1.0000
367400,0,2020-01-22 00:00:00,2020-01-22 00:00:00,1491175,570,115,9,249.99,249.99,82.83,USD,1.0000
367401,0,2020-01-22 00:00:00,2020-01-22 00:00:00,784299,290,1651,2,159.99,147.19,73.57,EUR,0.9019
367401,1,2020-01-22 00:00:00,2020-01-22 00:00:00,784299,290,2514,1,129.99,114.39,43.07,EUR,0.9019
367401,2,2020-01-22 00:00:00,2020-01-22 00:00:00,784299,290,1477,6,267.00,242.97,122.78,EUR,0.9019
367401,3,2020-01-22 00:00:00,2020-01-22 00:00:00,784299,290,162,2,1592.20,1432.98,527.53,EUR,0.9019
367402,0,2020-01-22 00:00:00,2020-01-24 00:00:00,1597080,999999,1158,1,1560.00,1404.00,516.86,USD,1.0000
367403,0,2020-01-22 00:00:00,2020-01-24 00:00:00,421034,999999,1334,1,35.99,33.47,16.55,EUR,0.9019
367404,0,2020-01-22 00:00:00,2020-01-22 00:00:00,912806,360,1702,5,16.99,16.99,5.63,GBP,0.7616
367404,1,2020-01-22 00:00:00,2020-01-22 00:00:00,912806,360,879,1,13.00,13.00,6.63,GBP,0.7616
367404,2,2020-01-22 00:00:00,2020-01-22 00:00:00,912806,360,171,2,99.00,88.11,45.53,GBP,0.7616
367405,0,2020-01-22 00:00:00,2020-01-22 00:00:00,162909,60,1211,4,850.00,833.00,390.88,AUD,1.4596
367405,1,2020-01-22 00:00:00,2020-01-22 00:00:00,162909,60,77,5,37.95,34.16,17.45,AUD,1.4596
367405,2,2020-01-22 00:00:00,2020-01-22 00:00:00,162909,60,1460,2,300.00,300.00,137.96,AUD,1.4596
367500,0,2020-01-23 00:00:00,2020-01-25 00:00:00,1381883,999999,616,6,499.00,484.03,254.40,USD,1.0000
367501,0,2020-01-23 00:00:00,2020-01-23 00:00:00,30511,60,1657,5,179.99,179.99,82.77,AUD,1.4560
367501,1,2020-01-23 00:00:00,2020-01-23 00:00:00,30511,60,434,4,599.00,551.08,275.46,AUD,1.4560
367502,0,2020-01-23 00:00:00,2020-01-23 00:00:00,537478,240,504,1,869.00,764.72,287.92,EUR,0.9016
367502,1,2020-01-23 00:00:00,2020-01-23 00:00:00,537478,240,1607,4,179.99,179.99,82.77,EUR,0.9016
367503,0,2020-01-23 00:00:00,2020-01-24 00:00:00,1774668,999999,1381,1,22.99,21.38,10.57,USD,1.0000
367504,0,2020-01-23 00:00:00,2020-01-25 00:00:00,453687,999999,1157,2,1580.00,1406.20,523.49,EUR,0.9016
367504,1,2020-01-23 00:00:00,2020-01-25 00:00:00,453687,999999,1580,4,219.00,219.00,72.56,EUR,0.9016
367505,0,2020-01-23 00:00:00,2020-01-25 00:00:00,881876,999999,2056,1,199.99,177.99,91.97,EUR,0.9016
367505,1,2020-01-23 00:00:00,2020-01-25 00:00:00,881876,999999,447,1,229.90,200.01,117.21,EUR,0.9016
367506,0,2020-01-23 00:00:00,2020-01-23 00:00:00,1877909,500,555,3,229.00,206.10,116.75,USD,1.0000
367506,1,2020-01-23 00:00:00,2020-01-23 00:00:00,1877909,500,1549,1,389.00,350.10,128.88,USD,1.0000
367600,0,2020-01-24 00:00:00,2020-01-27 00:00:00,208720,999999,425,6,369.00,343.17,188.13,CAD,1.3132
367601,0,2020-01-24 00:00:00,2020-01-25 00:00:00,1952100,999999,910,1,102.00,90.78,52.00,USD,1.0000
367601,1,2020-01-24 00:00:00,2020-01-25 00:00:00,1952100,999999,403,4,699.00,699.00,321.44,USD,1.0000
367602,0,2020-01-24 00:00:00,2020-01-24 00:00:00,2063156,560,1592,1,17.99,15.65,8.27,USD,1.0000
367603,0,2020-01-24 00:00:00,2020-01-24 00:00:00,2098333,450,1310,1,28.00,28.00,14.28,USD,1.0000
367603,1,2020-01-24 00:00:00,2020-01-24 00:00:00,2098333,450,1502,5,239.00,236.61,109.91,USD,1.0000
367603,2,2020-01-24 00:00:00,2020-01-24 00:00:00,2098333,450,179,3,119.00,102.34,54.72,USD,1.0000
367700,0,2020-01-25 00:00:00,2020-01-28 00:00:00,697393,999999,1766,7,54.00,54.00,24.83,EUR,0.9062
367700,1,2020-01-25 00:00:00,2020-01-28 00:00:00,697393,999999,443,2,349.00,345.51,160.49,EUR,0.9062
367700,2,2020-01-25 00:00:00,2020-01-28 00:00:00,697393,999999,67,2,25.69,25.69,13.10,EUR,0.9062
367701,0,2020-01-25 00:00:00,2020-01-30 00:00:00,1746117,999999,1481,1,229.00,203.81,105.31,USD,1.0000
367701,1,2020-01-25 00:00:00,2020-01-30 00:00:00,1746117,999999,239,3,579.00,515.31,266.26,USD,1.0000
367701,2,2020-01-25 00:00:00,2020-01-30 00:00:00,1746117,999999,2105,1,1475.00,1298.00,488.70,USD,1.0000
367702,0,2020-01-25 00:00:00,2020-01-27 00:00:00,7986,999999,532,1,259.00,259.00,119.11,AUD,1.4614
367703,0,2020-01-25 00:00:00,2020-01-29 00:00:00,452709,999999,1630,1,22.89,22.89,7.58,EUR,0.9062
367703,1,2020-01-25 00:00:00,2020-01-29 00:00:00,452709,999999,1615,2,289.99,278.39,96.08,EUR,0.9062
367704,0,2020-01-25 00:00:00,2020-01-29 00:00:00,931979,999999,1631,1,12.66,11.39,5.82,GBP,0.7641
367704,1,2020-01-25 00:00:00,2020-01-29 00:00:00,931979,999999,1331,1,26.99,26.99,12.41,GBP,0.7641
367704,2,2020-01-25 00:00:00,2020-01-29 00:00:00,931979,999999,1598,5,57.88,57.88,26.62,GBP,0.7641
367705,0,2020-01-25 00:00:00,2020-01-27 00:00:00,1350608,999999,1279,8,14.99,13.34,7.64,USD,1.0000
367705,1,2020-01-25 00:00:00,2020-01-27 00:00:00,1350608,999999,1569,1,299.00,272.09,137.50,USD,1.0000
367706,0,2020-01-25 00:00:00,2020-01-25 00:00:00,1710291,610,65,2,181.00,159.28,83.24,USD,1.0000
367707,0,2020-01-25 00:00:00,2020-01-28 00:00:00,1669938,999999,1345,2,22.00,22.00,10.12,USD,1.0000
367708,0,2020-01-25 00:00:00,2020-01-28 00:00:00,1352254,999999,2434,4,29.09,29.09,14.83,USD,1.0000
367900,0,2020-01-27 00:00:00,2020-01-27 00:00:00,916727,360,1686,1,6.99,6.99,3.56,GBP,0.7652
367900,1,2020-01-27 00:00:00,2020-01-27 00:00:00,916727,360,1655,2,289.99,275.49,96.08,GBP,0.7652
367901,0,2020-01-27 00:00:00,2020-01-27 00:00:00,486403,240,736,5,118.00,118.00,54.26,EUR,0.9070
367901,1,2020-01-27 00:00:00,2020-01-27 00:00:00,486403,240,169,3,119.00,119.00,54.72,EUR,0.9070
367902,0,2020-01-27 00:00:00,2020-01-30 00:00:00,672174,999999,2110,4,1475.00,1268.50,488.70,EUR,0.9070
367902,1,2020-01-27 00:00:00,2020-01-30 00:00:00,672174,999999,2270,2,635.99,604.19,210.72,EUR,0.9070
367902,2,2020-01-27 00:00:00,2020-01-30 00:00:00,672174,999999,1680,3,6.99,6.99,3.56,EUR,0.9070
368000,0,2020-01-28 00:00:00,2020-01-28 00:00:00,323186,74,85,4,99.99,99.99,45.98,CAD,1.3190
368000,1,2020-01-28 00:00:00,2020-01-28 00:00:00,323186,74,2517,1,3.35,2.98,1.71,CAD,1.3190
368000,2,2020-01-28 00:00:00,2020-01-28 00:00:00,323186,74,1699,2,6.88,5.92,3.16,CAD,1.3190
368000,3,2020-01-28 00:00:00,2020-01-28 00:00:00,323186,74,238,2,569.00,569.00,261.66,CAD,1.3190
368000,4,2020-01-28 00:00:00,2020-01-28 00:00:00,323186,74,1138,1,391.90,391.90,180.22,CAD,1.3190
368000,5,2020-01-28 00:00:00,2020-01-28 00:00:00,323186,74,432,1,499.90,439.91,254.86,CAD,1.3190
368001,0,2020-01-28 00:00:00,2020-01-30 00:00:00,1200334,999999,1527,3,268.00,254.60,123.24,USD,1.0000
368002,0,2020-01-28 00:00:00,2020-01-31 00:00:00,938793,999999,96,5,67.40,67.40,34.36,GBP,0.7688
368003,0,2020-01-28 00:00:00,2020-02-01 00:00:00,755462,999999,1499,1,310.00,279.00,142.56,EUR,0.9087
368003,1,2020-01-28 00:00:00,2020-02-01 00:00:00,755462,999999,2507,6,4.74,4.27,2.42,EUR,0.9087
368100,0,2020-01-29 00:00:00,2020-01-29 00:00:00,874447,330,91,1,149.99,149.99,49.69,EUR,0.9090
368100,1,2020-01-29 00:00:00,2020-01-29 00:00:00,874447,330,326,5,299.00,299.00,152.44,EUR,0.9090
368100,2,2020-01-29 00:00:00,2020-01-29 00:00:00,874447,330,206,7,569.00,569.00,261.66,EUR,0.9090
368101,0,2020-01-29 00:00:00,2020-01-31 00:00:00,2020342,999999,1932,7,129.99,129.99,66.27,USD,1.0000
368101,1,2020-01-29 00:00:00,2020-01-31 00:00:00,2020342,999999,208,5,599.00,527.12,275.46,USD,1.0000
368101,2,2020-01-29 00:00:00,2020-01-31 00:00:00,2020342,999999,1802,1,32.00,32.00,16.31,USD,1.0000
368102,0,2020-01-29 00:00:00,2020-01-29 00:00:00,1441853,585,1544,3,238.00,238.00,109.45,USD,1.0000
368102,1,2020-01-29 00:00:00,2020-01-29 00:00:00,1441853,585,1656,5,159.99,147.19,73.57,USD,1.0000
368102,2,2020-01-29 00:00:00,2020-01-29 00:00:00,1441853,585,1594,1,9.99,9.99,5.09,USD,1.0000
368102,3,2020-01-29 00:00:00,2020-01-29 00:00:00,1441853,585,1621,6,12.99,11.95,6.62,USD,1.0000
368102,4,2020-01-29 00:00:00,2020-01-29 00:00:00,1441853,585,1456,4,301.00,261.87,138.42,USD,1.0000
368102,5,2020-01-29 00:00:00,2020-01-29 00:00:00,1441853,585,1701,2,4.98,4.98,2.54,USD,1.0000
368102,6,2020-01-29 00:00:00,2020-01-29 00:00:00,1441853,585,1624,4,219.00,216.81,72.56,USD,1.0000
368103,0,2020-01-29 00:00:00,2020-01-29 00:00:00,1501798,480,797,5,33.90,31.19,11.23,USD,1.0000
368103,1,2020-01-29 00:00:00,2020-01-29 00:00:00,1501798,480,1572,3,57.99,52.19,26.67,USD,1.0000
368104,0,2020-01-29 00:00:00,2020-01-29 00:00:00,598341,255,98,1,120.00,120.00,55.18,EUR,0.9090
368104,1,2020-01-29 00:00:00,2020-01-29 00:00:00,598341,255,1620,6,60.99,56.72,28.05,EUR,0.9090
368104,2,2020-01-29 00:00:00,2020-01-29 00:00:00,598341,255,1561,5,402.00,393.96,133.19,EUR,0.9090
368104,3,2020-01-29 00:00:00,2020-01-29 00:00:00,598341,255,1617,1,57.99,53.93,26.67,EUR,0.9090
368105,0,2020-01-29 00:00:00,2020-02-02 00:00:00,977455,999999,1131,4,328.00,295.20,150.84,GBP,0.7688
368105,1,2020-01-29 00:00:00,2020-02-02 00:00:00,977455,999999,1577,2,219.00,197.10,72.56,GBP,0.7688
368105,2,2020-01-29 00:00:00,2020-02-02 00:00:00,977455,999999,1591,4,12.66,12.66,5.82,GBP,0.7688
368105,3,2020-01-29 00:00:00,2020-02-02 00:00:00,977455,999999,101,6,120.00,103.20,55.18,GBP,0.7688
368200,0,2020-01-30 00:00:00,2020-01-30 00:00:00,533654,240,1460,6,300.00,258.00,137.96,EUR,0.9067
368200,1,2020-01-30 00:00:00,2020-01-30 00:00:00,533654,240,1408,9,529.00,465.52,175.27,EUR,0.9067
368200,2,2020-01-30 00:00:00,2020-01-30 00:00:00,533654,240,457,2,219.95,200.15,112.14,EUR,0.9067
368201,0,2020-01-30 00:00:00,2020-02-03 00:00:00,1416516,999999,1324,4,38.99,34.70,17.93,USD,1.0000
368202,0,2020-01-30 00:00:00,2020-01-30 00:00:00,1065252,400,2291,1,101.99,94.85,52.00,GBP,0.7633
368203,0,2020-01-30 00:00:00,2020-02-02 00:00:00,127239,999999,1782,8,43.00,43.00,21.92,AUD,1.4881
368204,0,2020-01-30 00:00:00,2020-01-31 00:00:00,1570630,999999,1591,2,12.66,12.66,5.82,USD,1.0000
368204,1,2020-01-30 00:00:00,2020-01-31 00:00:00,1570630,999999,1586,1,12.66,11.77,5.82,USD,1.0000
368204,2,2020-01-30 00:00:00,2020-01-31 00:00:00,1570630,999999,1833,1,1989.00,1989.00,914.67,USD,1.0000
368204,3,2020-01-30 00:00:00,2020-01-31 00:00:00,1570630,999999,1450,3,308.00,308.00,141.64,USD,1.0000
368205,0,2020-01-30 00:00:00,2020-02-02 00:00:00,1203101,999999,1466,3,290.00,290.00,133.36,USD,1.0000
368205,1,2020-01-30 00:00:00,2020-02-02 00:00:00,1203101,999999,2511,3,4.06,4.06,2.07,USD,1.0000
368205,2,2020-01-30 00:00:00,2020-02-02 00:00:00,1203101,999999,1559,1,299.00,260.13,137.50,USD,1.0000
368205,3,2020-01-30 00:00:00,2020-02-02 00:00:00,1203101,999999,1558,1,380.00,380.00,125.90,USD,1.0000
368206,0,2020-01-30 00:00:00,2020-01-30 00:00:00,97724,60,1424,3,200.00,176.00,91.97,AUD,1.4881
368206,1,2020-01-30 00:00:00,2020-01-30 00:00:00,97724,60,429,1,599.90,599.90,275.87,AUD,1.4881
368206,2,2020-01-30 00:00:00,2020-01-30 00:00:00,97724,60,518,2,869.00,869.00,287.92,AUD,1.4881
368206,3,2020-01-30 00:00:00,2020-01-30 00:00:00,97724,60,2239,3,339.00,315.27,155.89,AUD,1.4881
368300,0,2020-01-31 00:00:00,2020-01-31 00:00:00,929298,390,731,7,129.00,116.10,59.32,GBP,0.7616
368301,0,2020-01-31 00:00:00,2020-02-02 00:00:00,849706,999999,1623,9,219.00,199.29,72.56,EUR,0.9048
368301,1,2020-01-31 00:00:00,2020-02-02 00:00:00,849706,999999,1582,4,17.99,17.99,8.27,EUR,0.9048
368302,0,2020-01-31 00:00:00,2020-02-03 00:00:00,467878,999999,11,1,59.99,59.99,30.58,EUR,0.9048
368302,2,2020-01-31 00:00:00,2020-02-03 00:00:00,467878,999999,1425,2,529.00,486.68,175.27,EUR,0.9048
368303,0,2020-01-31 00:00:00,2020-01-31 00:00:00,1987493,560,1494,2,208.00,193.44,95.65,USD,1.0000
368303,1,2020-01-31 00:00:00,2020-01-31 00:00:00,1987493,560,857,1,129.00,129.00,59.32,USD,1.0000
368400,0,2020-02-01 00:00:00,2020-02-05 00:00:00,1856577,999999,1575,2,60.99,53.06,28.05,USD,1.0000
368401,0,2020-02-01 00:00:00,2020-02-02 00:00:00,1852628,999999,395,7,326.00,326.00,166.20,USD,1.0000
368401,1,2020-02-01 00:00:00,2020-02-02 00:00:00,1852628,999999,1522,5,380.00,345.80,125.90,USD,1.0000
368401,2,2020-02-01 00:00:00,2020-02-02 00:00:00,1852628,999999,1439,2,301.00,301.00,138.42,USD,1.0000
368402,0,2020-02-01 00:00:00,2020-02-05 00:00:00,832262,999999,1236,3,188.00,188.00,95.85,EUR,0.9048
368402,1,2020-02-01 00:00:00,2020-02-05 00:00:00,832262,999999,1648,6,109.99,109.99,56.08,EUR,0.9048
368402,2,2020-02-01 00:00:00,2020-02-05 00:00:00,832262,999999,2408,1,299.99,299.99,152.94,EUR,0.9048
368402,3,2020-02-01 00:00:00,2020-02-05 00:00:00,832262,999999,168,3,129.00,118.68,59.32,EUR,0.9048
368402,4,2020-02-01 00:00:00,2020-02-05 00:00:00,832262,999999,1561,3,402.00,349.74,133.19,EUR,0.9048
368403,0,2020-02-01 00:00:00,2020-02-03 00:00:00,465680,999999,1452,1,293.00,293.00,134.74,EUR,0.9048
368403,1,2020-02-01 00:00:00,2020-02-03 00:00:00,465680,999999,1577,7,219.00,203.67,72.56,EUR,0.9048
368404,0,2020-02-01 00:00:00,2020-02-06 00:00:00,494756,999999,1392,1,42.99,36.97,14.24,EUR,0.9048
368405,0,2020-02-01 00:00:00,2020-02-01 00:00:00,292199,100,2134,1,1650.00,1468.50,546.68,CAD,1.3235
368406,0,2020-02-01 00:00:00,2020-02-03 00:00:00,1582048,999999,505,1,619.00,619.00,205.09,USD,1.0000
368406,1,2020-02-01 00:00:00,2020-02-03 00:00:00,1582048,999999,1601,4,159.99,139.19,73.57,USD,1.0000
368406,2,2020-02-01 00:00:00,2020-02-03 00:00:00,1582048,999999,613,2,699.00,629.10,321.44,USD,1.0000
368406,3,2020-02-01 00:00:00,2020-02-03 00:00:00,1582048,999999,54,4,296.00,257.52,98.07,USD,1.0000
368406,4,2020-02-01 00:00:00,2020-02-03 00:00:00,1582048,999999,1984,3,199.99,199.99,91.97,USD,1.0000
368406,5,2020-02-01 00:00:00,2020-02-03 00:00:00,1582048,999999,1771,4,34.00,30.94,17.33,USD,1.0000
368407,0,2020-02-01 00:00:00,2020-02-01 00:00:00,1816552,540,1796,7,43.00,37.84,21.92,USD,1.0000
368407,1,2020-02-01 00:00:00,2020-02-01 00:00:00,1816552,540,1588,3,13.89,12.78,6.39,USD,1.0000
368407,2,2020-02-01 00:00:00,2020-02-01 00:00:00,1816552,540,1696,7,16.99,16.99,5.63,USD,1.0000
368408,0,2020-02-01 00:00:00,2020-02-02 00:00:00,1442568,999999,2516,6,3.35,2.95,1.71,USD,1.0000
368408,1,2020-02-01 00:00:00,2020-02-02 00:00:00,1442568,999999,1589,1,9.99,9.99,5.09,USD,1.0000
368600,0,2020-02-03 00:00:00,2020-02-05 00:00:00,1884170,999999,1477,3,267.00,232.29,122.78,USD,1.0000
368600,1,2020-02-03 00:00:00,2020-02-05 00:00:00,1884170,999999,1812,2,32.00,29.44,16.31,USD,1.0000
368600,2,2020-02-03 00:00:00,2020-02-05 00:00:00,1884170,999999,1741,3,28.00,28.00,14.28,USD,1.0000
368601,0,2020-02-03 00:00:00,2020-02-03 00:00:00,1376774,670,829,2,39.90,35.11,13.22,USD,1.0000
368601,1,2020-02-03 00:00:00,2020-02-03 00:00:00,1376774,670,1739,2,28.00,26.04,14.28,USD,1.0000
368601,2,2020-02-03 00:00:00,2020-02-03 00:00:00,1376774,670,1493,1,269.00,247.48,123.70,USD,1.0000
368601,3,2020-02-03 00:00:00,2020-02-03 00:00:00,1376774,670,1469,2,200.00,200.00,91.97,USD,1.0000
368601,4,2020-02-03 00:00:00,2020-02-03 00:00:00,1376774,670,1212,4,180.00,174.60,91.77,USD,1.0000
368602,0,2020-02-03 00:00:00,2020-02-03 00:00:00,988152,420,1379,2,23.00,20.24,10.58,GBP,0.7661
368602,1,2020-02-03 00:00:00,2020-02-03 00:00:00,988152,420,1052,1,627.00,545.49,207.74,GBP,0.7661
368602,2,2020-02-03 00:00:00,2020-02-03 00:00:00,988152,420,1573,3,58.99,58.99,27.13,GBP,0.7661
368602,3,2020-02-03 00:00:00,2020-02-03 00:00:00,988152,420,60,3,156.00,156.00,79.53,GBP,0.7661
368700,0,2020-02-04 00:00:00,2020-02-08 00:00:00,1443071,999999,444,3,919.00,919.00,304.48,USD,1.0000
368701,0,2020-02-04 00:00:00,2020-02-08 00:00:00,888680,999999,2162,1,149.00,149.00,75.96,EUR,0.9051
368702,0,2020-02-04 00:00:00,2020-02-06 00:00:00,137794,999999,524,2,179.00,155.73,82.32,AUD,1.4880
368703,0,2020-02-04 00:00:00,2020-02-07 00:00:00,837092,999999,1534,1,398.00,382.08,131.87,EUR,0.9051
368703,1,2020-02-04 00:00:00,2020-02-07 00:00:00,837092,999999,1728,4,79.80,79.80,36.70,EUR,0.9051
368800,0,2020-02-05 00:00:00,2020-02-05 00:00:00,1464329,660,1005,7,268.00,268.00,88.79,USD,1.0000
368801,0,2020-02-05 00:00:00,2020-02-05 00:00:00,1738178,540,1689,2,4.98,4.98,2.54,USD,1.0000
368801,1,2020-02-05 00:00:00,2020-02-05 00:00:00,1738178,540,1638,2,13.89,12.22,6.39,USD,1.0000
368802,0,2020-02-05 00:00:00,2020-02-08 00:00:00,353444,999999,562,1,109.00,102.46,55.57,CAD,1.3285
368802,1,2020-02-05 00:00:00,2020-02-08 00:00:00,353444,999999,1455,3,290.00,255.20,133.36,CAD,1.3285
368802,2,2020-02-05 00:00:00,2020-02-08 00:00:00,353444,999999,1802,1,32.00,28.16,16.31,CAD,1.3285
368802,3,2020-02-05 00:00:00,2020-02-08 00:00:00,353444,999999,1603,3,109.99,97.89,56.08,CAD,1.3285
368803,0,2020-02-05 00:00:00,2020-02-08 00:00:00,310914,999999,1627,4,17.99,17.99,8.27,CAD,1.3285
368804,0,2020-02-05 00:00:00,2020-02-05 00:00:00,1853733,610,1361,6,49.99,49.99,16.56,USD,1.0000
368804,1,2020-02-05 00:00:00,2020-02-05 00:00:00,1853733,610,546,6,299.00,299.00,99.06,USD,1.0000
368804,2,2020-02-05 00:00:00,2020-02-05 00:00:00,1853733,610,1583,5,13.89,13.89,6.39,USD,1.0000
368804,3,2020-02-05 00:00:00,2020-02-05 00:00:00,1853733,610,1663,3,6.89,6.34,3.17,USD,1.0000
368805,0,2020-02-05 00:00:00,2020-02-05 00:00:00,200860,90,1182,1,1560.00,1560.00,516.86,CAD,1.3285
368900,0,2020-02-06 00:00:00,2020-02-09 00:00:00,1133822,999999,1457,5,189.00,164.43,86.91,GBP,0.7710
368901,0,2020-02-06 00:00:00,2020-02-07 00:00:00,708425,999999,1551,6,299.00,266.11,137.50,EUR,0.9088
368901,1,2020-02-06 00:00:00,2020-02-07 00:00:00,708425,999999,121,1,119.99,107.99,61.17,EUR,0.9088
368901,2,2020-02-06 00:00:00,2020-02-07 00:00:00,708425,999999,1529,1,255.00,255.00,117.27,EUR,0.9088
368902,0,2020-02-06 00:00:00,2020-02-08 00:00:00,1880727,999999,1791,2,43.00,43.00,21.92,USD,1.0000
368902,1,2020-02-06 00:00:00,2020-02-08 00:00:00,1880727,999999,1790,4,43.00,38.27,21.92,USD,1.0000
368902,2,2020-02-06 00:00:00,2020-02-08 00:00:00,1880727,999999,563,7,2295.00,2088.45,760.38,USD,1.0000
368903,0,2020-02-06 00:00:00,2020-02-07 00:00:00,1973637,999999,1629,1,9.99,9.29,5.09,USD,1.0000
368904,0,2020-02-06 00:00:00,2020-02-09 00:00:00,1463195,999999,1909,2,3199.99,2911.99,1060.22,USD,1.0000
368904,1,2020-02-06 00:00:00,2020-02-09 00:00:00,1463195,999999,1358,7,39.99,39.99,18.39,USD,1.0000
368904,2,2020-02-06 00:00:00,2020-02-09 00:00:00,1463195,999999,1709,2,70.13,70.13,32.25,USD,1.0000
368904,3,2020-02-06 00:00:00,2020-02-09 00:00:00,1463195,999999,2076,3,139.99,121.79,71.37,USD,1.0000
368904,4,2020-02-06 00:00:00,2020-02-09 00:00:00,1463195,999999,1634,1,9.99,9.99,5.09,USD,1.0000
368904,5,2020-02-06 00:00:00,2020-02-09 00:00:00,1463195,999999,1470,6,129.00,112.23,65.77,USD,1.0000
368904,6,2020-02-06 00:00:00,2020-02-09 00:00:00,1463195,999999,1708,1,70.13,61.71,32.25,USD,1.0000
368905,0,2020-02-06 00:00:00,2020-02-06 00:00:00,1119425,420,1223,1,460.00,460.00,234.52,GBP,0.7710
368906,0,2020-02-06 00:00:00,2020-02-11 00:00:00,691404,999999,1679,4,5.50,5.50,2.80,EUR,0.9088
369000,0,2020-02-07 00:00:00,2020-02-12 00:00:00,79902,999999,1559,8,299.00,299.00,137.50,AUD,1.4967
369000,1,2020-02-07 00:00:00,2020-02-12 00:00:00,79902,999999,1554,2,298.00,298.00,137.04,AUD,1.4967
369000,2,2020-02-07 00:00:00,2020-02-12 00:00:00,79902,999999,365,7,599.00,533.11,275.46,AUD,1.4967
369000,3,2020-02-07 00:00:00,2020-02-12 00:00:00,79902,999999,865,1,50.99,50.99,23.45,AUD,1.4967
369001,0,2020-02-07 00:00:00,2020-02-08 00:00:00,520075,999999,173,4,89.90,78.21,45.83,EUR,0.9117
369001,2,2020-02-07 00:00:00,2020-02-08 00:00:00,520075,999999,681,1,121.00,112.53,55.64,EUR,0.9117
369002,0,2020-02-07 00:00:00,2020-02-13 00:00:00,1270306,999999,1493,6,269.00,250.17,123.70,USD,1.0000
369002,1,2020-02-07 00:00:00,2020-02-13 00:00:00,1270306,999999,2514,3,129.99,113.09,43.07,USD,1.0000
369002,2,2020-02-07 00:00:00,2020-02-13 00:00:00,1270306,999999,602,2,999.00,999.00,459.40,USD,1.0000
369002,3,2020-02-07 00:00:00,2020-02-13 00:00:00,1270306,999999,80,3,40.55,38.12,18.65,USD,1.0000
369003,0,2020-02-07 00:00:00,2020-02-09 00:00:00,724353,999999,1254,3,19.99,17.99,10.19,EUR,0.9117
369003,1,2020-02-07 00:00:00,2020-02-09 00:00:00,724353,999999,1350,7,12.99,11.43,6.62,EUR,0.9117
369003,2,2020-02-07 00:00:00,2020-02-09 00:00:00,724353,999999,2069,3,179.99,165.59,82.77,EUR,0.9117
369003,3,2020-02-07 00:00:00,2020-02-09 00:00:00,724353,999999,1572,4,57.99,57.99,26.67,EUR,0.9117
369003,4,2020-02-07 00:00:00,2020-02-09 00:00:00,724353,999999,1408,3,529.00,523.71,175.27,EUR,0.9117
369003,5,2020-02-07 00:00:00,2020-02-09 00:00:00,724353,999999,430,1,269.95,269.95,137.63,EUR,0.9117
369003,6,2020-02-07 00:00:00,2020-02-09 00:00:00,724353,999999,1696,10,16.99,16.99,5.63,EUR,0.9117
369100,0,2020-02-08 00:00:00,2020-02-11 00:00:00,805896,999999,444,9,919.00,790.34,304.48,EUR,0.9117
369100,1,2020-02-08 00:00:00,2020-02-11 00:00:00,805896,999999,2500,1,23.72,20.87,12.09,EUR,0.9117
369100,2,2020-02-08 00:00:00,2020-02-11 00:00:00,805896,999999,458,3,229.90,229.90,117.21,EUR,0.9117
369100,3,2020-02-08 00:00:00,2020-02-11 00:00:00,805896,999999,1695,1,4.98,4.43,2.54,EUR,0.9117
369101,0,2020-02-08 00:00:00,2020-02-12 00:00:00,1294101,999999,294,2,299.00,299.00,152.44,USD,1.0000
369102,0,2020-02-08 00:00:00,2020-02-08 00:00:00,892922,320,64,5,181.00,155.66,83.24,EUR,0.9117
369103,0,2020-02-08 00:00:00,2020-02-11 00:00:00,546319,999999,1627,5,17.99,16.19,8.27,EUR,0.9117
369103,1,2020-02-08 00:00:00,2020-02-11 00:00:00,546319,999999,52,2,199.95,199.95,91.95,EUR,0.9117
369104,0,2020-02-08 00:00:00,2020-02-09 00:00:00,353000,999999,1353,6,26.99,24.83,12.41,CAD,1.3314
369105,0,2020-02-08 00:00:00,2020-02-08 00:00:00,492584,240,1690,3,16.99,16.99,5.63,EUR,0.9117
369106,0,2020-02-08 00:00:00,2020-02-12 00:00:00,2081772,999999,1471,1,229.00,206.10,105.31,USD,1.0000
369107,0,2020-02-08 00:00:00,2020-02-08 00:00:00,1900389,570,727,1,188.00,188.00,86.45,USD,1.0000
369108,0,2020-02-08 00:00:00,2020-02-15 00:00:00,1726873,999999,1597,1,57.88,51.51,26.62,USD,1.0000
369108,1,2020-02-08 00:00:00,2020-02-15 00:00:00,1726873,999999,1172,3,422.00,417.78,215.15,USD,1.0000
369300,0,2020-02-10 00:00:00,2020-02-10 00:00:00,574566,240,2099,3,257.50,257.50,131.28,EUR,0.9132
369300,1,2020-02-10 00:00:00,2020-02-10 00:00:00,574566,240,1736,7,28.00,28.00,14.28,EUR,0.9132
369300,2,2020-02-10 00:00:00,2020-02-10 00:00:00,574566,240,1705,1,6.88,6.19,3.16,EUR,0.9132
369301,0,2020-02-10 00:00:00,2020-02-13 00:00:00,1476411,999999,52,1,199.95,199.95,91.95,USD,1.0000
369301,1,2020-02-10 00:00:00,2020-02-13 00:00:00,1476411,999999,1623,1,219.00,199.29,72.56,USD,1.0000
369302,0,2020-02-10 00:00:00,2020-02-12 00:00:00,1304458,999999,1696,3,16.99,14.95,5.63,USD,1.0000
369302,1,2020-02-10 00:00:00,2020-02-12 00:00:00,1304458,999999,479,6,259.00,259.00,119.11,USD,1.0000
369302,2,2020-02-10 00:00:00,2020-02-12 00:00:00,1304458,999999,1188,6,180.00,160.20,91.77,USD,1.0000
369302,3,2020-02-10 00:00:00,2020-02-12 00:00:00,1304458,999999,2500,1,23.72,21.11,12.09,USD,1.0000
369400,0,2020-02-11 00:00:00,2020-02-13 00:00:00,1418015,999999,737,3,159.00,159.00,73.12,USD,1.0000
369400,1,2020-02-11 00:00:00,2020-02-13 00:00:00,1418015,999999,2258,2,119.99,103.19,61.17,USD,1.0000
369400,2,2020-02-11 00:00:00,2020-02-13 00:00:00,1418015,999999,455,5,919.00,919.00,304.48,USD,1.0000
369400,3,2020-02-11 00:00:00,2020-02-13 00:00:00,1418015,999999,410,5,1299.00,1156.11,430.38,USD,1.0000
369400,4,2020-02-11 00:00:00,2020-02-13 00:00:00,1418015,999999,930,2,33.99,29.91,17.33,USD,1.0000
369400,5,2020-02-11 00:00:00,2020-02-13 00:00:00,1418015,999999,531,7,679.00,624.68,224.97,USD,1.0000
369400,6,2020-02-11 00:00:00,2020-02-13 00:00:00,1418015,999999,582,2,299.00,299.00,137.50,USD,1.0000
369401,0,2020-02-11 00:00:00,2020-02-11 00:00:00,1194236,370,530,1,619.00,538.53,205.09,GBP,0.7736
369402,0,2020-02-11 00:00:00,2020-02-11 00:00:00,1730687,470,1696,1,16.99,14.78,5.63,USD,1.0000
369402,1,2020-02-11 00:00:00,2020-02-11 00:00:00,1730687,470,1574,3,59.99,52.79,27.59,USD,1.0000
369403,0,2020-02-11 00:00:00,2020-02-15 00:00:00,1707421,999999,237,3,599.00,521.13,275.46,USD,1.0000
369403,1,2020-02-11 00:00:00,2020-02-15 00:00:00,1707421,999999,1592,6,17.99,17.09,8.27,USD,1.0000
369403,2,2020-02-11 00:00:00,2020-02-15 00:00:00,1707421,999999,1526,2,238.00,214.20,109.45,USD,1.0000
369403,3,2020-02-11 00:00:00,2020-02-15 00:00:00,1707421,999999,446,7,219.95,219.95,112.14,USD,1.0000
369404,0,2020-02-11 00:00:00,2020-02-11 00:00:00,437486,270,2215,2,339.00,294.93,155.89,EUR,0.9173
369404,1,2020-02-11 00:00:00,2020-02-11 00:00:00,437486,270,172,7,169.00,147.03,55.99,EUR,0.9173
369404,2,2020-02-11 00:00:00,2020-02-11 00:00:00,437486,270,1557,1,310.00,269.70,142.56,EUR,0.9173
369500,0,2020-02-12 00:00:00,2020-02-13 00:00:00,363879,999999,1799,1,26.00,22.62,13.26,CAD,1.3256
369501,0,2020-02-12 00:00:00,2020-02-12 00:00:00,652212,120,1541,1,299.00,263.12,137.50,EUR,0.9163
369501,1,2020-02-12 00:00:00,2020-02-12 00:00:00,652212,120,1322,4,32.99,32.99,15.17,EUR,0.9163
369501,2,2020-02-12 00:00:00,2020-02-12 00:00:00,652212,120,1493,1,269.00,239.41,123.70,EUR,0.9163
369501,3,2020-02-12 00:00:00,2020-02-12 00:00:00,652212,120,621,1,139.00,122.32,70.87,EUR,0.9163
369502,0,2020-02-12 00:00:00,2020-02-15 00:00:00,1507747,999999,1581,4,219.00,192.72,72.56,USD,1.0000
369502,1,2020-02-12 00:00:00,2020-02-15 00:00:00,1507747,999999,1493,3,269.00,269.00,123.70,USD,1.0000
369503,0,2020-02-12 00:00:00,2020-02-12 00:00:00,1253674,620,188,1,116.90,109.89,53.76,USD,1.0000
369503,1,2020-02-12 00:00:00,2020-02-12 00:00:00,1253674,620,129,4,200.00,172.00,101.97,USD,1.0000
369504,0,2020-02-12 00:00:00,2020-02-16 00:00:00,1713528,999999,1349,2,9.99,8.69,5.09,USD,1.0000
369505,0,2020-02-12 00:00:00,2020-02-17 00:00:00,244126,999999,1607,1,179.99,158.39,82.77,CAD,1.3256
369505,1,2020-02-12 00:00:00,2020-02-17 00:00:00,244126,999999,837,1,11.90,10.23,6.07,CAD,1.3256
369505,2,2020-02-12 00:00:00,2020-02-17 00:00:00,244126,999999,1417,2,268.00,243.88,123.24,CAD,1.3256
369506,0,2020-02-12 00:00:00,2020-02-15 00:00:00,1700912,999999,1669,3,6.89,6.89,3.17,USD,1.0000
369507,0,2020-02-12 00:00:00,2020-02-14 00:00:00,610530,999999,84,9,99.99,86.99,45.98,EUR,0.9163
369507,1,2020-02-12 00:00:00,2020-02-14 00:00:00,610530,999999,423,5,599.00,515.14,275.46,EUR,0.9163
369507,2,2020-02-12 00:00:00,2020-02-14 00:00:00,610530,999999,1613,4,109.99,103.39,56.08,EUR,0.9163
369507,3,2020-02-12 00:00:00,2020-02-14 00:00:00,610530,999999,1551,2,299.00,284.05,137.50,EUR,0.9163
369508,0,2020-02-12 00:00:00,2020-02-12 00:00:00,1560671,490,236,3,1109.00,1053.55,367.43,USD,1.0000
369600,0,2020-02-13 00:00:00,2020-02-18 00:00:00,965482,999999,1635,3,22.89,20.14,7.58,GBP,0.7672
369601,0,2020-02-13 00:00:00,2020-02-13 00:00:00,1329571,590,1821,1,32.00,27.52,16.31,USD,1.0000
369601,1,2020-02-13 00:00:00,2020-02-13 00:00:00,1329571,590,1595,4,22.89,20.37,7.58,USD,1.0000
369602,0,2020-02-13 00:00:00,2020-02-13 00:00:00,894227,310,1448,3,256.00,238.08,117.73,EUR,0.9202
369603,0,2020-02-13 00:00:00,2020-02-16 00:00:00,136107,999999,1339,3,35.99,32.03,16.55,AUD,1.4850
369603,1,2020-02-13 00:00:00,2020-02-16 00:00:00,136107,999999,492,4,679.00,604.31,224.97,AUD,1.4850
369604,0,2020-02-13 00:00:00,2020-02-15 00:00:00,1413494,999999,1643,1,57.88,57.88,26.62,USD,1.0000
369605,0,2020-02-13 00:00:00,2020-02-13 00:00:00,1860410,650,150,7,1184.97,1184.97,392.60,USD,1.0000
369605,1,2020-02-13 00:00:00,2020-02-13 00:00:00,1860410,650,1381,1,22.99,19.77,10.57,USD,1.0000
369605,2,2020-02-13 00:00:00,2020-02-13 00:00:00,1860410,650,1769,7,34.00,34.00,15.64,USD,1.0000
369605,3,2020-02-13 00:00:00,2020-02-13 00:00:00,1860410,650,1693,6,6.88,6.05,3.16,USD,1.0000
369606,0,2020-02-13 00:00:00,2020-02-16 00:00:00,1400125,999999,1487,3,267.00,267.00,122.78,USD,1.0000
369606,1,2020-02-13 00:00:00,2020-02-16 00:00:00,1400125,999999,1432,1,300.00,300.00,137.96,USD,1.0000
369607,0,2020-02-13 00:00:00,2020-02-15 00:00:00,1972546,999999,426,1,499.90,434.91,254.86,USD,1.0000
369608,0,2020-02-13 00:00:00,2020-02-13 00:00:00,1812932,450,1615,4,289.99,284.19,96.08,USD,1.0000
369608,1,2020-02-13 00:00:00,2020-02-13 00:00:00,1812932,450,1604,5,259.99,228.79,86.14,USD,1.0000
369609,0,2020-02-13 00:00:00,2020-02-15 00:00:00,1399286,999999,119,1,119.99,107.99,61.17,USD,1.0000
369610,0,2020-02-13 00:00:00,2020-02-13 00:00:00,259453,80,1612,6,179.99,163.79,82.77,CAD,1.3257
369610,1,2020-02-13 00:00:00,2020-02-13 00:00:00,259453,80,2355,5,635.99,553.31,210.72,CAD,1.3257
369610,2,2020-02-13 00:00:00,2020-02-13 00:00:00,259453,80,1631,8,12.66,12.66,5.82,CAD,1.3257
369610,3,2020-02-13 00:00:00,2020-02-13 00:00:00,259453,80,497,4,99.00,91.08,50.47,CAD,1.3257
369700,0,2020-02-14 00:00:00,2020-02-15 00:00:00,1817987,999999,1430,2,299.00,299.00,137.50,USD,1.0000
369701,0,2020-02-14 00:00:00,2020-02-14 00:00:00,208235,80,523,1,139.00,137.61,70.87,CAD,1.3248
369701,1,2020-02-14 00:00:00,2020-02-14 00:00:00,208235,80,494,2,279.00,279.00,128.30,CAD,1.3248
369701,2,2020-02-14 00:00:00,2020-02-14 00:00:00,208235,80,1691,4,5.39,5.34,2.75,CAD,1.3248
369701,3,2020-02-14 00:00:00,2020-02-14 00:00:00,208235,80,1441,7,200.00,200.00,91.97,CAD,1.3248
369701,4,2020-02-14 00:00:00,2020-02-14 00:00:00,208235,80,1570,7,398.00,350.24,131.87,CAD,1.3248
369701,5,2020-02-14 00:00:00,2020-02-14 00:00:00,208235,80,1670,6,8.99,8.27,4.13,CAD,1.3248
369701,6,2020-02-14 00:00:00,2020-02-14 00:00:00,208235,80,2487,2,400.00,400.00,183.95,CAD,1.3248
369702,0,2020-02-14 00:00:00,2020-02-18 00:00:00,1248399,999999,1790,4,43.00,37.84,21.92,USD,1.0000
369702,1,2020-02-14 00:00:00,2020-02-18 00:00:00,1248399,999999,807,2,11.90,11.90,6.07,USD,1.0000
369702,2,2020-02-14 00:00:00,2020-02-18 00:00:00,1248399,999999,2148,6,445.00,445.00,204.64,USD,1.0000
369703,0,2020-02-14 00:00:00,2020-02-17 00:00:00,1298824,999999,468,1,179.00,157.52,82.32,USD,1.0000
369704,0,2020-02-14 00:00:00,2020-02-17 00:00:00,802568,999999,1502,3,239.00,215.10,109.91,EUR,0.9223
369704,1,2020-02-14 00:00:00,2020-02-17 00:00:00,802568,999999,1561,2,402.00,369.84,133.19,EUR,0.9223
369704,2,2020-02-14 00:00:00,2020-02-17 00:00:00,802568,999999,2489,3,14.99,13.34,7.64,EUR,0.9223
369704,3,2020-02-14 00:00:00,2020-02-17 00:00:00,802568,999999,1800,3,32.00,27.84,16.31,EUR,0.9223
369705,0,2020-02-14 00:00:00,2020-02-16 00:00:00,814519,999999,1533,5,299.00,299.00,137.50,EUR,0.9223
369706,0,2020-02-14 00:00:00,2020-02-17 00:00:00,1833911,999999,1825,1,32.00,32.00,16.31,USD,1.0000
369706,1,2020-02-14 00:00:00,2020-02-17 00:00:00,1833911,999999,1455,1,290.00,272.60,133.36,USD,1.0000
369706,2,2020-02-14 00:00:00,2020-02-17 00:00:00,1833911,999999,2279,1,339.00,339.00,155.89,USD,1.0000
369706,3,2020-02-14 00:00:00,2020-02-17 00:00:00,1833911,999999,1612,3,179.99,172.79,82.77,USD,1.0000
369706,4,2020-02-14 00:00:00,2020-02-17 00:00:00,1833911,999999,1126,4,332.00,298.80,152.68,USD,1.0000
369706,5,2020-02-14 00:00:00,2020-02-17 00:00:00,1833911,999999,1599,4,57.88,54.41,26.62,USD,1.0000
369706,6,2020-02-14 00:00:00,2020-02-17 00:00:00,1833911,999999,69,7,25.69,25.69,13.10,USD,1.0000
369707,0,2020-02-14 00:00:00,2020-02-14 00:00:00,853546,330,1126,2,332.00,332.00,152.68,EUR,0.9223
369800,0,2020-02-15 00:00:00,2020-02-15 00:00:00,1129403,370,1442,4,529.00,529.00,175.27,GBP,0.7675
369801,0,2020-02-15 00:00:00,2020-02-19 00:00:00,167200,999999,1619,3,59.99,52.79,27.59,AUD,1.4897
369802,0,2020-02-15 00:00:00,2020-02-16 00:00:00,26460,999999,382,1,382.95,382.95,195.24,AUD,1.4897
369803,0,2020-02-15 00:00:00,2020-02-20 00:00:00,302289,999999,1457,1,189.00,175.77,86.91,CAD,1.3248
369803,1,2020-02-15 00:00:00,2020-02-20 00:00:00,302289,999999,1432,8,300.00,300.00,137.96,CAD,1.3248
369803,2,2020-02-15 00:00:00,2020-02-20 00:00:00,302289,999999,1598,1,57.88,57.88,26.62,CAD,1.3248
369803,3,2020-02-15 00:00:00,2020-02-20 00:00:00,302289,999999,355,6,363.50,323.52,185.32,CAD,1.3248
369803,4,2020-02-15 00:00:00,2020-02-20 00:00:00,302289,999999,1611,3,159.99,159.99,73.57,CAD,1.3248
369803,5,2020-02-15 00:00:00,2020-02-20 00:00:00,302289,999999,1422,1,301.00,301.00,138.42,CAD,1.3248
369804,0,2020-02-15 00:00:00,2020-02-19 00:00:00,1909958,999999,253,7,299.00,272.09,152.44,USD,1.0000
369804,1,2020-02-15 00:00:00,2020-02-19 00:00:00,1909958,999999,1547,5,255.00,229.50,117.27,USD,1.0000
369805,0,2020-02-15 00:00:00,2020-02-15 00:00:00,1328806,530,1418,4,293.00,293.00,134.74,USD,1.0000
369805,1,2020-02-15 00:00:00,2020-02-15 00:00:00,1328806,530,2106,5,877.50,780.98,403.53,USD,1.0000
369805,2,2020-02-15 00:00:00,2020-02-15 00:00:00,1328806,530,478,1,679.00,590.73,224.97,USD,1.0000
369805,3,2020-02-15 00:00:00,2020-02-15 00:00:00,1328806,530,1600,5,57.88,50.93,26.62,USD,1.0000
369806,0,2020-02-15 00:00:00,2020-02-15 00:00:00,878881,340,1664,3,8.99,8.00,4.13,EUR,0.9223
369806,1,2020-02-15 00:00:00,2020-02-15 00:00:00,878881,340,473,1,59.00,59.00,30.08,EUR,0.9223
369806,2,2020-02-15 00:00:00,2020-02-15 00:00:00,878881,340,658,7,209.00,209.00,69.25,EUR,0.9223
369807,0,2020-02-15 00:00:00,2020-02-18 00:00:00,350242,999999,1627,3,17.99,16.37,8.27,CAD,1.3248
369807,1,2020-02-15 00:00:00,2020-02-18 00:00:00,350242,999999,1584,1,9.99,8.89,5.09,CAD,1.3248
369807,2,2020-02-15 00:00:00,2020-02-18 00:00:00,350242,999999,1568,3,280.00,280.00,128.76,CAD,1.3248
369808,0,2020-02-15 00:00:00,2020-02-15 00:00:00,350949,74,658,7,209.00,194.37,69.25,CAD,1.3248
369808,1,2020-02-15 00:00:00,2020-02-15 00:00:00,350949,74,478,2,679.00,617.89,224.97,CAD,1.3248
369808,2,2020-02-15 00:00:00,2020-02-15 00:00:00,350949,74,2391,2,459.99,427.79,211.53,CAD,1.3248
369809,0,2020-02-15 00:00:00,2020-02-15 00:00:00,1989539,440,2093,2,508.00,508.00,258.99,USD,1.0000
369810,0,2020-02-15 00:00:00,2020-02-15 00:00:00,1407479,585,130,2,200.00,180.00,101.97,USD,1.0000
369810,1,2020-02-15 00:00:00,2020-02-15 00:00:00,1407479,585,2058,7,139.99,127.39,71.37,USD,1.0000
369811,0,2020-02-15 00:00:00,2020-02-15 00:00:00,1510881,480,1492,2,239.00,239.00,109.91,USD,1.0000
369811,1,2020-02-15 00:00:00,2020-02-15 00:00:00,1510881,480,1015,4,200.00,182.00,66.26,USD,1.0000
369811,2,2020-02-15 00:00:00,2020-02-15 00:00:00,1510881,480,371,2,599.00,515.14,275.46,USD,1.0000
369812,0,2020-02-15 00:00:00,2020-02-17 00:00:00,1964540,999999,231,2,569.00,569.00,261.66,USD,1.0000
369812,1,2020-02-15 00:00:00,2020-02-17 00:00:00,1964540,999999,1297,3,25.00,25.00,11.50,USD,1.0000
369812,2,2020-02-15 00:00:00,2020-02-17 00:00:00,1964540,999999,460,8,299.90,299.90,152.90,USD,1.0000
369813,0,2020-02-15 00:00:00,2020-02-15 00:00:00,1063874,390,74,2,37.95,34.91,17.45,GBP,0.7675
369813,1,2020-02-15 00:00:00,2020-02-15 00:00:00,1063874,390,1342,3,42.00,36.12,13.92,GBP,0.7675
369813,2,2020-02-15 00:00:00,2020-02-15 00:00:00,1063874,390,1687,3,6.88,6.88,3.16,GBP,0.7675
369814,0,2020-02-15 00:00:00,2020-02-16 00:00:00,862643,999999,2354,2,109.99,109.99,56.08,EUR,0.9223
369815,0,2020-02-15 00:00:00,2020-02-15 00:00:00,879352,340,328,1,259.00,259.00,132.05,EUR,0.9223
369815,1,2020-02-15 00:00:00,2020-02-15 00:00:00,879352,340,1952,1,899.00,836.07,413.42,EUR,0.9223
369815,2,2020-02-15 00:00:00,2020-02-15 00:00:00,879352,340,910,2,102.00,92.82,52.00,EUR,0.9223
369900,0,2020-02-16 00:00:00,2020-02-20 00:00:00,2069926,999999,609,3,139.00,139.00,70.87,USD,1.0000
370000,0,2020-02-17 00:00:00,2020-02-21 00:00:00,1419243,999999,1779,4,43.00,43.00,21.92,USD,1.0000
370000,1,2020-02-17 00:00:00,2020-02-21 00:00:00,1419243,999999,1621,3,12.99,12.99,6.62,USD,1.0000
370001,0,2020-02-17 00:00:00,2020-02-17 00:00:00,106638,60,313,2,269.00,252.86,137.14,AUD,1.4886
370002,0,2020-02-17 00:00:00,2020-02-19 00:00:00,1919459,999999,1600,1,57.88,57.88,26.62,USD,1.0000
370002,1,2020-02-17 00:00:00,2020-02-19 00:00:00,1919459,999999,1624,8,219.00,219.00,72.56,USD,1.0000
370002,2,2020-02-17 00:00:00,2020-02-19 00:00:00,1919459,999999,141,1,299.99,260.99,152.94,USD,1.0000
370002,3,2020-02-17 00:00:00,2020-02-19 00:00:00,1919459,999999,1541,6,299.00,263.12,137.50,USD,1.0000
370003,0,2020-02-17 00:00:00,2020-02-19 00:00:00,2067658,999999,2508,2,4.74,4.74,2.42,USD,1.0000
370003,1,2020-02-17 00:00:00,2020-02-19 00:00:00,2067658,999999,1441,8,200.00,178.00,91.97,USD,1.0000
370003,2,2020-02-17 00:00:00,2020-02-19 00:00:00,2067658,999999,1454,6,199.00,183.08,91.51,USD,1.0000
370003,3,2020-02-17 00:00:00,2020-02-19 00:00:00,2067658,999999,407,6,599.00,599.00,275.46,USD,1.0000
370003,4,2020-02-17 00:00:00,2020-02-19 00:00:00,2067658,999999,645,1,209.00,209.00,69.25,USD,1.0000
370003,5,2020-02-17 00:00:00,2020-02-19 00:00:00,2067658,999999,524,1,179.00,179.00,82.32,USD,1.0000
370004,0,2020-02-17 00:00:00,2020-02-17 00:00:00,1677017,550,1703,5,5.39,4.85,2.75,USD,1.0000
370005,0,2020-02-17 00:00:00,2020-02-19 00:00:00,1443935,999999,661,7,228.00,228.00,75.54,USD,1.0000
370005,1,2020-02-17 00:00:00,2020-02-19 00:00:00,1443935,999999,1589,6,9.99,9.29,5.09,USD,1.0000
370006,0,2020-02-17 00:00:00,2020-02-20 00:00:00,1966384,999999,1730,2,77.68,67.58,35.72,USD,1.0000
370006,1,2020-02-17 00:00:00,2020-02-20 00:00:00,1966384,999999,1577,2,219.00,190.53,72.56,USD,1.0000
370006,2,2020-02-17 00:00:00,2020-02-20 00:00:00,1966384,999999,1343,7,31.00,31.00,10.27,USD,1.0000
370006,3,2020-02-17 00:00:00,2020-02-20 00:00:00,1966384,999999,1511,6,229.00,226.71,105.31,USD,1.0000
370007,0,2020-02-17 00:00:00,2020-02-17 00:00:00,1136523,420,167,1,69.00,69.00,35.18,GBP,0.7682
370007,1,2020-02-17 00:00:00,2020-02-17 00:00:00,1136523,420,88,2,149.99,131.99,49.69,GBP,0.7682
370100,0,2020-02-18 00:00:00,2020-02-20 00:00:00,491618,999999,1410,8,230.00,230.00,105.77,EUR,0.9246
370101,0,2020-02-18 00:00:00,2020-02-23 00:00:00,560808,999999,1534,1,398.00,342.28,131.87,EUR,0.9246
370102,0,2020-02-18 00:00:00,2020-02-19 00:00:00,2014074,999999,443,9,349.00,324.57,160.49,USD,1.0000
370102,1,2020-02-18 00:00:00,2020-02-19 00:00:00,2014074,999999,1482,1,239.00,239.00,109.91,USD,1.0000
370103,0,2020-02-18 00:00:00,2020-02-21 00:00:00,11659,999999,1568,5,280.00,246.40,128.76,AUD,1.4973
370103,1,2020-02-18 00:00:00,2020-02-21 00:00:00,11659,999999,2490,7,14.99,14.99,7.64,AUD,1.4973
370104,0,2020-02-18 00:00:00,2020-02-18 00:00:00,1220365,660,1536,4,298.00,265.22,137.04,USD,1.0000
370104,1,2020-02-18 00:00:00,2020-02-18 00:00:00,1220365,660,528,1,819.00,819.00,271.35,USD,1.0000
370104,2,2020-02-18 00:00:00,2020-02-18 00:00:00,1220365,660,1492,3,239.00,239.00,109.91,USD,1.0000
370105,0,2020-02-18 00:00:00,2020-02-18 00:00:00,1794786,530,1581,2,219.00,192.72,72.56,USD,1.0000
370105,1,2020-02-18 00:00:00,2020-02-18 00:00:00,1794786,530,847,4,15.60,14.04,7.95,USD,1.0000
370106,0,2020-02-18 00:00:00,2020-02-18 00:00:00,1787286,585,1512,1,239.00,222.27,109.91,USD,1.0000
370106,1,2020-02-18 00:00:00,2020-02-18 00:00:00,1787286,585,1595,6,22.89,22.66,7.58,USD,1.0000
370106,2,2020-02-18 00:00:00,2020-02-18 00:00:00,1787286,585,2316,1,79.95,71.96,40.76,USD,1.0000
370106,3,2020-02-18 00:00:00,2020-02-18 00:00:00,1787286,585,1605,1,289.99,249.39,96.08,USD,1.0000
370107,0,2020-02-18 00:00:00,2020-02-18 00:00:00,627447,180,1613,2,109.99,98.99,56.08,EUR,0.9246
370107,1,2020-02-18 00:00:00,2020-02-18 00:00:00,627447,180,2489,2,14.99,14.99,7.64,EUR,0.9246
370107,2,2020-02-18 00:00:00,2020-02-18 00:00:00,627447,180,1410,1,230.00,209.30,105.77,EUR,0.9246
370108,0,2020-02-18 00:00:00,2020-02-18 00:00:00,809442,310,1617,3,57.99,55.67,26.67,EUR,0.9246
370108,1,2020-02-18 00:00:00,2020-02-18 00:00:00,809442,310,2093,2,508.00,508.00,258.99,EUR,0.9246
370108,2,2020-02-18 00:00:00,2020-02-18 00:00:00,809442,310,1696,7,16.99,14.61,5.63,EUR,0.9246
370109,0,2020-02-18 00:00:00,2020-02-18 00:00:00,1167448,400,1542,6,330.00,330.00,151.76,GBP,0.7672
370109,1,2020-02-18 00:00:00,2020-02-18 00:00:00,1167448,400,451,6,559.00,480.74,257.06,GBP,0.7672
370109,2,2020-02-18 00:00:00,2020-02-18 00:00:00,1167448,400,1471,1,229.00,229.00,105.31,GBP,0.7672
370200,0,2020-02-19 00:00:00,2020-02-19 00:00:00,462371,270,1489,1,310.00,310.00,142.56,EUR,0.9259
370200,1,2020-02-19 00:00:00,2020-02-19 00:00:00,462371,270,1578,4,219.00,192.72,72.56,EUR,0.9259
370200,2,2020-02-19 00:00:00,2020-02-19 00:00:00,462371,270,1793,2,43.00,37.84,21.92,EUR,0.9259
370200,3,2020-02-19 00:00:00,2020-02-19 00:00:00,462371,270,1402,1,43.81,40.74,20.15,EUR,0.9259
370201,0,2020-02-19 00:00:00,2020-02-25 00:00:00,510807,999999,107,1,132.99,119.69,61.16,EUR,0.9259
370202,0,2020-02-19 00:00:00,2020-02-20 00:00:00,479338,999999,1318,1,16.99,15.12,8.66,EUR,0.9259
370203,0,2020-02-19 00:00:00,2020-02-22 00:00:00,516481,999999,477,1,619.00,538.53,205.09,EUR,0.9259
370203,1,2020-02-19 00:00:00,2020-02-22 00:00:00,516481,999999,246,3,329.00,329.00,167.73,EUR,0.9259
370203,2,2020-02-19 00:00:00,2020-02-22 00:00:00,516481,999999,312,4,259.00,225.33,132.05,EUR,0.9259
370204,0,2020-02-19 00:00:00,2020-02-20 00:00:00,1230737,999999,1656,1,159.99,142.39,73.57,USD,1.0000
370204,1,2020-02-19 00:00:00,2020-02-20 00:00:00,1230737,999999,1419,5,258.00,234.78,118.65,USD,1.0000
370204,2,2020-02-19 00:00:00,2020-02-20 00:00:00,1230737,999999,2504,1,9.99,9.99,5.09,USD,1.0000
370205,0,2020-02-19 00:00:00,2020-02-21 00:00:00,770431,999999,718,3,159.00,159.00,73.12,EUR,0.9259
370205,1,2020-02-19 00:00:00,2020-02-21 00:00:00,770431,999999,1650,5,289.99,258.09,96.08,EUR,0.9259
370205,2,2020-02-19 00:00:00,2020-02-21 00:00:00,770431,999999,1558,7,380.00,380.00,125.90,EUR,0.9259
370205,3,2020-02-19 00:00:00,2020-02-21 00:00:00,770431,999999,1464,1,258.00,250.26,118.65,EUR,0.9259
370206,0,2020-02-19 00:00:00,2020-02-21 00:00:00,1015415,999999,1531,8,389.00,342.32,128.88,GBP,0.7699
370206,1,2020-02-19 00:00:00,2020-02-21 00:00:00,1015415,999999,659,1,118.00,112.10,54.26,GBP,0.7699
370206,2,2020-02-19 00:00:00,2020-02-21 00:00:00,1015415,999999,515,4,59.00,51.33,30.08,GBP,0.7699
370206,3,2020-02-19 00:00:00,2020-02-21 00:00:00,1015415,999999,2496,1,9.99,9.89,5.09,GBP,0.7699
370207,0,2020-02-19 00:00:00,2020-02-22 00:00:00,1227019,999999,1499,2,310.00,279.00,142.56,USD,1.0000
370207,1,2020-02-19 00:00:00,2020-02-22 00:00:00,1227019,999999,1188,1,180.00,158.40,91.77,USD,1.0000
370208,0,2020-02-19 00:00:00,2020-02-20 00:00:00,554882,999999,144,4,299.99,296.99,152.94,EUR,0.9259
370209,0,2020-02-19 00:00:00,2020-02-19 00:00:00,494519,210,716,2,209.00,181.83,69.25,EUR,0.9259
370209,1,2020-02-19 00:00:00,2020-02-19 00:00:00,494519,210,1932,3,129.99,129.99,66.27,EUR,0.9259
370209,2,2020-02-19 00:00:00,2020-02-19 00:00:00,494519,210,2488,1,14.99,13.94,7.64,EUR,0.9259
370210,0,2020-02-19 00:00:00,2020-02-19 00:00:00,365247,80,1596,2,12.66,12.41,5.82,CAD,1.3223
370210,1,2020-02-19 00:00:00,2020-02-19 00:00:00,365247,80,425,1,369.00,369.00,188.13,CAD,1.3223
370211,0,2020-02-19 00:00:00,2020-02-23 00:00:00,1402732,999999,468,1,179.00,166.47,82.32,USD,1.0000
370212,0,2020-02-19 00:00:00,2020-02-21 00:00:00,1601713,999999,145,1,2899.99,2551.99,960.82,USD,1.0000
370213,0,2020-02-19 00:00:00,2020-02-19 00:00:00,833726,310,2264,1,268.50,255.08,123.47,EUR,0.9259
370213,1,2020-02-19 00:00:00,2020-02-19 00:00:00,833726,310,1448,2,256.00,230.40,117.73,EUR,0.9259
370300,0,2020-02-20 00:00:00,2020-02-24 00:00:00,209678,999999,63,2,181.00,161.09,83.24,CAD,1.3257
370301,0,2020-02-20 00:00:00,2020-02-23 00:00:00,834411,999999,133,1,349.95,325.45,160.93,EUR,0.9268
370302,0,2020-02-20 00:00:00,2020-02-21 00:00:00,258954,999999,1335,3,40.19,34.97,18.48,CAD,1.3257
370302,1,2020-02-20 00:00:00,2020-02-21 00:00:00,258954,999999,2499,4,23.72,20.87,12.09,CAD,1.3257
370303,0,2020-02-20 00:00:00,2020-02-20 00:00:00,485501,270,1916,1,899.00,899.00,413.42,EUR,0.9268
370304,0,2020-02-20 00:00:00,2020-02-20 00:00:00,947605,390,1578,1,219.00,197.10,72.56,GBP,0.7770
370305,0,2020-02-20 00:00:00,2020-02-23 00:00:00,865548,999999,2093,3,508.00,436.88,258.99,EUR,0.9268
370306,0,2020-02-20 00:00:00,2020-02-20 00:00:00,1423836,470,1595,2,22.89,20.83,7.58,USD,1.0000
370306,1,2020-02-20 00:00:00,2020-02-20 00:00:00,1423836,470,1676,4,8.99,8.90,4.13,USD,1.0000
370307,0,2020-02-20 00:00:00,2020-02-20 00:00:00,1734681,590,1650,1,289.99,269.69,96.08,USD,1.0000
370307,1,2020-02-20 00:00:00,2020-02-20 00:00:00,1734681,590,95,1,67.40,58.64,34.36,USD,1.0000
370307,2,2020-02-20 00:00:00,2020-02-20 00:00:00,1734681,590,786,2,11.50,11.50,5.86,USD,1.0000
370307,3,2020-02-20 00:00:00,2020-02-20 00:00:00,1734681,590,1484,3,208.00,208.00,95.65,USD,1.0000
370307,4,2020-02-20 00:00:00,2020-02-20 00:00:00,1734681,590,910,2,102.00,102.00,52.00,USD,1.0000
370307,5,2020-02-20 00:00:00,2020-02-20 00:00:00,1734681,590,1637,3,17.99,15.65,8.27,USD,1.0000
370308,0,2020-02-20 00:00:00,2020-02-20 00:00:00,1002864,420,1364,1,26.99,24.02,12.41,GBP,0.7770
370308,1,2020-02-20 00:00:00,2020-02-20 00:00:00,1002864,420,1690,1,16.99,16.14,5.63,GBP,0.7770
370309,0,2020-02-20 00:00:00,2020-02-21 00:00:00,1790900,999999,680,1,116.00,116.00,53.34,USD,1.0000
370310,0,2020-02-20 00:00:00,2020-02-20 00:00:00,442922,270,2062,1,199.99,173.99,91.97,EUR,0.9268
370310,1,2020-02-20 00:00:00,2020-02-20 00:00:00,442922,270,1658,3,109.99,100.09,56.08,EUR,0.9268
370311,0,2020-02-20 00:00:00,2020-02-20 00:00:00,1554483,470,1388,1,32.99,29.03,15.17,USD,1.0000
370311,1,2020-02-20 00:00:00,2020-02-20 00:00:00,1554483,470,1424,1,200.00,174.00,91.97,USD,1.0000
370312,0,2020-02-20 00:00:00,2020-02-21 00:00:00,920661,999999,2504,2,9.99,9.99,5.09,GBP,0.7770
370312,1,2020-02-20 00:00:00,2020-02-21 00:00:00,920661,999999,493,8,259.00,227.92,119.11,GBP,0.7770
370312,2,2020-02-20 00:00:00,2020-02-21 00:00:00,920661,999999,1633,1,13.89,12.78,6.39,GBP,0.7770
370312,3,2020-02-20 00:00:00,2020-02-21 00:00:00,920661,999999,2499,2,23.72,23.25,12.09,GBP,0.7770
370313,0,2020-02-20 00:00:00,2020-02-20 00:00:00,1622483,605,1872,2,2652.00,2333.76,878.66,USD,1.0000
370313,1,2020-02-20 00:00:00,2020-02-20 00:00:00,1622483,605,1105,4,568.00,494.16,188.19,USD,1.0000
370314,0,2020-02-20 00:00:00,2020-02-20 00:00:00,1269008,450,1775,7,43.00,43.00,21.92,USD,1.0000
370400,0,2020-02-21 00:00:00,2020-02-23 00:00:00,1326869,999999,1802,1,32.00,29.76,16.31,USD,1.0000
370401,0,2020-02-21 00:00:00,2020-02-22 00:00:00,1881362,999999,1705,1,6.88,6.88,3.16,USD,1.0000
370402,0,2020-02-21 00:00:00,2020-02-26 00:00:00,1520875,999999,1580,1,219.00,190.53,72.56,USD,1.0000
370402,1,2020-02-21 00:00:00,2020-02-26 00:00:00,1520875,999999,609,2,139.00,139.00,70.87,USD,1.0000
370402,2,2020-02-21 00:00:00,2020-02-26 00:00:00,1520875,999999,416,3,969.00,930.24,321.05,USD,1.0000
370403,0,2020-02-21 00:00:00,2020-02-23 00:00:00,2061163,999999,1694,2,8.88,8.61,4.08,USD,1.0000
370403,1,2020-02-21 00:00:00,2020-02-23 00:00:00,2061163,999999,1213,6,170.00,170.00,86.67,USD,1.0000
370404,0,2020-02-21 00:00:00,2020-02-23 00:00:00,553966,999999,2504,1,9.99,9.99,5.09,EUR,0.9258
370404,1,2020-02-21 00:00:00,2020-02-23 00:00:00,553966,999999,1613,1,109.99,103.39,56.08,EUR,0.9258
370404,2,2020-02-21 00:00:00,2020-02-23 00:00:00,553966,999999,436,4,369.00,321.03,188.13,EUR,0.9258
370404,3,2020-02-21 00:00:00,2020-02-23 00:00:00,553966,999999,1692,3,6.99,6.99,3.56,EUR,0.9258
370405,0,2020-02-21 00:00:00,2020-02-24 00:00:00,351396,999999,1672,10,16.89,15.20,5.60,CAD,1.3258
370406,0,2020-02-21 00:00:00,2020-02-23 00:00:00,1525057,999999,2494,1,2.94,2.79,1.50,USD,1.0000
370406,1,2020-02-21 00:00:00,2020-02-23 00:00:00,1525057,999999,1676,6,8.99,8.00,4.13,USD,1.0000
370406,2,2020-02-21 00:00:00,2020-02-23 00:00:00,1525057,999999,1575,6,60.99,60.99,28.05,USD,1.0000
370406,3,2020-02-21 00:00:00,2020-02-23 00:00:00,1525057,999999,1295,4,595.00,541.45,197.14,USD,1.0000
370406,4,2020-02-21 00:00:00,2020-02-23 00:00:00,1525057,999999,1714,4,70.13,70.13,32.25,USD,1.0000
370406,5,2020-02-21 00:00:00,2020-02-23 00:00:00,1525057,999999,627,1,499.00,499.00,254.40,USD,1.0000
370406,6,2020-02-21 00:00:00,2020-02-23 00:00:00,1525057,999999,2497,3,9.99,9.89,5.09,USD,1.0000
370407,0,2020-02-21 00:00:00,2020-02-21 00:00:00,1719866,670,1447,7,299.00,299.00,137.50,USD,1.0000
370408,0,2020-02-21 00:00:00,2020-02-27 00:00:00,1570765,999999,1597,6,57.88,53.25,26.62,USD,1.0000
370408,1,2020-02-21 00:00:00,2020-02-27 00:00:00,1570765,999999,733,3,158.00,139.04,72.66,USD,1.0000
370408,2,2020-02-21 00:00:00,2020-02-27 00:00:00,1570765,999999,1577,4,219.00,219.00,72.56,USD,1.0000
370408,3,2020-02-21 00:00:00,2020-02-27 00:00:00,1570765,999999,698,3,188.00,188.00,86.45,USD,1.0000
370409,0,2020-02-21 00:00:00,2020-02-21 00:00:00,1672198,570,2082,2,139.99,128.79,71.37,USD,1.0000
370500,0,2020-02-22 00:00:00,2020-02-23 00:00:00,229130,999999,1621,4,12.99,12.99,6.62,CAD,1.3258
370501,0,2020-02-22 00:00:00,2020-02-25 00:00:00,1034220,999999,895,2,41.73,37.56,21.28,GBP,0.7732
370501,1,2020-02-22 00:00:00,2020-02-25 00:00:00,1034220,999999,1317,1,12.99,12.99,6.62,GBP,0.7732
370501,2,2020-02-22 00:00:00,2020-02-25 00:00:00,1034220,999999,1599,1,57.88,54.41,26.62,GBP,0.7732
370501,3,2020-02-22 00:00:00,2020-02-25 00:00:00,1034220,999999,780,2,19.95,19.95,9.17,GBP,0.7732
370501,4,2020-02-22 00:00:00,2020-02-25 00:00:00,1034220,999999,1659,5,259.99,231.39,86.14,GBP,0.7732
370502,0,2020-02-22 00:00:00,2020-02-25 00:00:00,1636421,999999,377,5,599.00,527.12,275.46,USD,1.0000
370502,1,2020-02-22 00:00:00,2020-02-25 00:00:00,1636421,999999,1324,1,38.99,37.04,17.93,USD,1.0000
370503,0,2020-02-22 00:00:00,2020-02-22 00:00:00,1280420,670,1615,2,289.99,289.99,96.08,USD,1.0000
370504,0,2020-02-22 00:00:00,2020-02-23 00:00:00,162996,999999,495,2,139.00,139.00,70.87,AUD,1.5150
370505,0,2020-02-22 00:00:00,2020-02-24 00:00:00,2047439,999999,1685,5,5.39,5.01,2.75,USD,1.0000
370506,0,2020-02-22 00:00:00,2020-02-25 00:00:00,1285586,999999,1323,1,35.99,30.95,16.55,USD,1.0000
370506,1,2020-02-22 00:00:00,2020-02-25 00:00:00,1285586,999999,1641,7,12.66,11.39,5.82,USD,1.0000
370506,2,2020-02-22 00:00:00,2020-02-25 00:00:00,1285586,999999,1585,5,22.89,22.89,7.58,USD,1.0000
370507,0,2020-02-22 00:00:00,2020-02-22 00:00:00,171977,60,1964,2,899.00,836.07,413.42,AUD,1.5150
370507,1,2020-02-22 00:00:00,2020-02-22 00:00:00,171977,60,2260,1,79.95,72.75,40.76,AUD,1.5150
370507,2,2020-02-22 00:00:00,2020-02-22 00:00:00,171977,60,144,2,299.99,296.99,152.94,AUD,1.5150
370508,0,2020-02-22 00:00:00,2020-02-22 00:00:00,1232012,440,1652,7,179.99,179.99,82.77,USD,1.0000
370508,1,2020-02-22 00:00:00,2020-02-22 00:00:00,1232012,440,96,4,67.40,67.40,34.36,USD,1.0000
370509,0,2020-02-22 00:00:00,2020-02-24 00:00:00,470891,999999,1006,3,290.00,263.90,96.08,EUR,0.9258
370510,0,2020-02-22 00:00:00,2020-02-22 00:00:00,1209835,440,1691,3,5.39,4.74,2.75,USD,1.0000
370511,0,2020-02-22 00:00:00,2020-02-22 00:00:00,314545,100,1757,3,55.90,51.43,28.50,CAD,1.3258
370511,1,2020-02-22 00:00:00,2020-02-22 00:00:00,314545,100,1704,9,6.99,6.22,3.56,CAD,1.3258
370512,0,2020-02-22 00:00:00,2020-02-24 00:00:00,490831,999999,1611,2,159.99,159.99,73.57,EUR,0.9258
370512,1,2020-02-22 00:00:00,2020-02-24 00:00:00,490831,999999,1453,1,258.00,242.52,118.65,EUR,0.9258
370512,2,2020-02-22 00:00:00,2020-02-24 00:00:00,490831,999999,1677,2,4.99,4.99,2.54,EUR,0.9258
370513,0,2020-02-22 00:00:00,2020-02-26 00:00:00,444674,999999,1683,3,4.99,4.99,2.54,EUR,0.9258
370513,1,2020-02-22 00:00:00,2020-02-26 00:00:00,444674,999999,1370,1,47.44,47.44,21.82,EUR,0.9258
370513,2,2020-02-22 00:00:00,2020-02-26 00:00:00,444674,999999,1605,1,289.99,289.99,96.08,EUR,0.9258
370514,0,2020-02-22 00:00:00,2020-02-22 00:00:00,136836,60,1603,3,109.99,97.89,56.08,AUD,1.5150
370515,0,2020-02-22 00:00:00,2020-02-25 00:00:00,1541789,999999,60,4,156.00,156.00,79.53,USD,1.0000
370516,0,2020-02-22 00:00:00,2020-02-25 00:00:00,1891277,999999,1730,1,77.68,71.47,35.72,USD,1.0000
370517,0,2020-02-22 00:00:00,2020-02-23 00:00:00,838349,999999,422,1,969.00,969.00,321.05,EUR,0.9258
370600,0,2020-02-23 00:00:00,2020-02-25 00:00:00,247551,999999,437,1,499.90,479.90,254.86,CAD,1.3258
370700,0,2020-02-24 00:00:00,2020-02-24 00:00:00,1220217,530,1474,5,208.00,208.00,95.65,USD,1.0000
370700,1,2020-02-24 00:00:00,2020-02-24 00:00:00,1220217,530,570,3,299.00,296.01,99.06,USD,1.0000
370700,2,2020-02-24 00:00:00,2020-02-24 00:00:00,1220217,530,1455,1,290.00,290.00,133.36,USD,1.0000
370701,0,2020-02-24 00:00:00,2020-02-24 00:00:00,1980665,500,1348,1,22.99,22.99,10.57,USD,1.0000
370702,0,2020-02-24 00:00:00,2020-02-24 00:00:00,1978056,590,1061,1,588.00,511.56,194.82,USD,1.0000
370703,0,2020-02-24 00:00:00,2020-02-26 00:00:00,575616,999999,438,2,919.00,919.00,304.48,EUR,0.9244
370703,1,2020-02-24 00:00:00,2020-02-26 00:00:00,575616,999999,1316,1,9.99,9.99,5.09,EUR,0.9244
370703,2,2020-02-24 00:00:00,2020-02-26 00:00:00,575616,999999,1780,4,43.00,38.27,21.92,EUR,0.9244
370704,0,2020-02-24 00:00:00,2020-02-26 00:00:00,1281861,999999,1653,2,109.99,95.69,56.08,USD,1.0000
370704,1,2020-02-24 00:00:00,2020-02-26 00:00:00,1281861,999999,1687,3,6.88,6.88,3.16,USD,1.0000
370704,2,2020-02-24 00:00:00,2020-02-26 00:00:00,1281861,999999,419,6,369.00,328.41,188.13,USD,1.0000
370704,3,2020-02-24 00:00:00,2020-02-26 00:00:00,1281861,999999,188,2,116.90,104.04,53.76,USD,1.0000
370705,0,2020-02-24 00:00:00,2020-02-24 00:00:00,1528439,470,726,2,147.00,138.18,67.60,USD,1.0000
370705,1,2020-02-24 00:00:00,2020-02-24 00:00:00,1528439,470,2101,1,877.50,859.95,403.53,USD,1.0000
370706,0,2020-02-24 00:00:00,2020-02-27 00:00:00,1673766,999999,628,2,459.00,394.74,152.08,USD,1.0000
370706,1,2020-02-24 00:00:00,2020-02-27 00:00:00,1673766,999999,902,7,44.00,38.28,22.43,USD,1.0000
370706,2,2020-02-24 00:00:00,2020-02-27 00:00:00,1673766,999999,517,7,819.00,728.91,271.35,USD,1.0000
370800,0,2020-02-25 00:00:00,2020-02-25 00:00:00,1300370,550,1089,1,568.00,499.84,188.19,USD,1.0000
370801,0,2020-02-25 00:00:00,2020-02-27 00:00:00,906147,999999,2510,3,4.06,3.74,2.07,GBP,0.7715
370801,1,2020-02-25 00:00:00,2020-02-27 00:00:00,906147,999999,988,2,148.00,133.20,68.06,GBP,0.7715
370801,2,2020-02-25 00:00:00,2020-02-27 00:00:00,906147,999999,1324,4,38.99,35.09,17.93,GBP,0.7715
370802,0,2020-02-25 00:00:00,2020-02-26 00:00:00,189901,999999,1607,6,179.99,158.39,82.77,AUD,1.5168
370802,1,2020-02-25 00:00:00,2020-02-26 00:00:00,189901,999999,314,3,309.00,275.01,157.54,AUD,1.5168
370802,2,2020-02-25 00:00:00,2020-02-26 00:00:00,189901,999999,1329,1,16.99,16.99,7.81,AUD,1.5168
370802,3,2020-02-25 00:00:00,2020-02-26 00:00:00,189901,999999,345,1,699.00,699.00,321.44,AUD,1.5168
370802,4,2020-02-25 00:00:00,2020-02-26 00:00:00,189901,999999,332,2,219.00,188.34,111.65,AUD,1.5168
370803,0,2020-02-25 00:00:00,2020-02-26 00:00:00,867970,999999,613,4,699.00,699.00,321.44,EUR,0.9225
370804,0,2020-02-25 00:00:00,2020-02-27 00:00:00,1538939,999999,1643,2,57.88,50.93,26.62,USD,1.0000
370804,1,2020-02-25 00:00:00,2020-02-27 00:00:00,1538939,999999,93,3,67.40,62.01,34.36,USD,1.0000
370804,2,2020-02-25 00:00:00,2020-02-27 00:00:00,1538939,999999,2505,3,9.99,8.79,5.09,USD,1.0000
370805,0,2020-02-25 00:00:00,2020-02-29 00:00:00,1775679,999999,418,2,269.95,269.95,137.63,USD,1.0000
370805,1,2020-02-25 00:00:00,2020-02-29 00:00:00,1775679,999999,153,2,469.97,413.57,216.12,USD,1.0000
370805,2,2020-02-25 00:00:00,2020-02-29 00:00:00,1775679,999999,1655,9,289.99,263.89,96.08,USD,1.0000
370805,3,2020-02-25 00:00:00,2020-02-29 00:00:00,1775679,999999,1258,6,39.99,35.59,20.39,USD,1.0000
370806,0,2020-02-25 00:00:00,2020-02-25 00:00:00,450035,270,1641,3,12.66,12.66,5.82,EUR,0.9225
370807,0,2020-02-25 00:00:00,2020-02-25 00:00:00,1067528,380,2076,3,139.99,123.19,71.37,GBP,0.7715
370807,1,2020-02-25 00:00:00,2020-02-25 00:00:00,1067528,380,747,1,12.95,11.14,6.60,GBP,0.7715
370808,0,2020-02-25 00:00:00,2020-02-28 00:00:00,991911,999999,154,3,469.97,408.87,216.12,GBP,0.7715
370900,0,2020-02-26 00:00:00,2020-02-28 00:00:00,1440579,999999,1576,4,12.99,11.43,6.62,USD,1.0000
370900,1,2020-02-26 00:00:00,2020-02-28 00:00:00,1440579,999999,1455,1,290.00,249.40,133.36,USD,1.0000
370900,2,2020-02-26 00:00:00,2020-02-28 00:00:00,1440579,999999,670,1,196.00,196.00,90.13,USD,1.0000
370900,3,2020-02-26 00:00:00,2020-02-28 00:00:00,1440579,999999,1647,3,179.99,160.19,82.77,USD,1.0000
370901,0,2020-02-26 00:00:00,2020-03-01 00:00:00,1186686,999999,1696,1,16.99,14.95,5.63,GBP,0.7738
370901,1,2020-02-26 00:00:00,2020-03-01 00:00:00,1186686,999999,362,3,1299.00,1182.09,430.38,GBP,0.7738
370902,0,2020-02-26 00:00:00,2020-02-29 00:00:00,816696,999999,397,8,699.00,650.07,321.44,EUR,0.9195
370902,1,2020-02-26 00:00:00,2020-02-29 00:00:00,816696,999999,118,1,169.99,169.99,86.67,EUR,0.9195
370903,0,2020-02-26 00:00:00,2020-02-29 00:00:00,631390,999999,83,2,99.99,86.99,45.98,EUR,0.9195
370904,0,2020-02-26 00:00:00,2020-02-26 00:00:00,859608,330,1686,2,6.99,6.36,3.56,EUR,0.9195
370904,1,2020-02-26 00:00:00,2020-02-26 00:00:00,859608,330,1590,4,22.89,22.89,7.58,EUR,0.9195
370904,2,2020-02-26 00:00:00,2020-02-26 00:00:00,859608,330,1316,1,9.99,9.99,5.09,EUR,0.9195
370905,0,2020-02-26 00:00:00,2020-03-03 00:00:00,655656,999999,58,3,156.00,156.00,79.53,EUR,0.9195
370905,1,2020-02-26 00:00:00,2020-03-03 00:00:00,655656,999999,1551,10,299.00,299.00,137.50,EUR,0.9195
370906,0,2020-02-26 00:00:00,2020-02-26 00:00:00,176863,50,1634,1,9.99,9.99,5.09,AUD,1.5232
370906,1,2020-02-26 00:00:00,2020-02-26 00:00:00,176863,50,1383,1,12.99,12.99,6.62,AUD,1.5232
370906,2,2020-02-26 00:00:00,2020-02-26 00:00:00,176863,50,1586,3,12.66,11.39,5.82,AUD,1.5232
370906,3,2020-02-26 00:00:00,2020-02-26 00:00:00,176863,50,1487,3,267.00,267.00,122.78,AUD,1.5232
370907,0,2020-02-26 00:00:00,2020-02-28 00:00:00,260696,999999,1430,4,299.00,275.08,137.50,CAD,1.3305
370908,0,2020-02-26 00:00:00,2020-02-27 00:00:00,1968658,999999,1994,7,94.99,94.04,48.43,USD,1.0000
370908,1,2020-02-26 00:00:00,2020-02-27 00:00:00,1968658,999999,1409,3,589.00,565.44,195.15,USD,1.0000
370909,0,2020-02-26 00:00:00,2020-02-29 00:00:00,1463606,999999,1549,1,389.00,365.66,128.88,USD,1.0000
370909,1,2020-02-26 00:00:00,2020-02-29 00:00:00,1463606,999999,523,3,139.00,139.00,70.87,USD,1.0000
370910,0,2020-02-26 00:00:00,2020-02-26 00:00:00,825785,330,2075,4,179.99,160.19,82.77,EUR,0.9195
370910,1,2020-02-26 00:00:00,2020-02-26 00:00:00,825785,330,87,3,99.99,87.99,45.98,EUR,0.9195
371000,0,2020-02-27 00:00:00,2020-03-02 00:00:00,2059682,999999,331,2,199.00,181.09,101.46,USD,1.0000
371000,1,2020-02-27 00:00:00,2020-03-02 00:00:00,2059682,999999,550,1,109.00,100.28,55.57,USD,1.0000
371000,2,2020-02-27 00:00:00,2020-03-02 00:00:00,2059682,999999,2510,2,4.06,3.61,2.07,USD,1.0000
371001,0,2020-02-27 00:00:00,2020-02-27 00:00:00,1811793,540,1535,3,268.00,268.00,123.24,USD,1.0000
371001,1,2020-02-27 00:00:00,2020-02-27 00:00:00,1811793,540,1440,1,189.00,189.00,86.91,USD,1.0000
371001,2,2020-02-27 00:00:00,2020-02-27 00:00:00,1811793,540,1357,1,38.99,38.99,17.93,USD,1.0000
371002,0,2020-02-27 00:00:00,2020-03-02 00:00:00,1683913,999999,1639,1,9.99,8.79,5.09,USD,1.0000
371003,0,2020-02-27 00:00:00,2020-02-27 00:00:00,456064,220,1479,6,310.00,269.70,142.56,EUR,0.9121
371003,1,2020-02-27 00:00:00,2020-02-27 00:00:00,456064,220,1615,1,289.99,260.99,96.08,EUR,0.9121
371003,2,2020-02-27 00:00:00,2020-02-27 00:00:00,456064,220,1499,3,310.00,310.00,142.56,EUR,0.9121
371004,0,2020-02-27 00:00:00,2020-02-27 00:00:00,1513894,650,611,8,2295.00,2249.10,760.38,USD,1.0000
371004,1,2020-02-27 00:00:00,2020-02-27 00:00:00,1513894,650,1671,2,4.99,4.49,2.54,USD,1.0000
371004,2,2020-02-27 00:00:00,2020-02-27 00:00:00,1513894,650,443,1,349.00,307.12,160.49,USD,1.0000
371004,3,2020-02-27 00:00:00,2020-02-27 00:00:00,1513894,650,848,1,15.60,14.66,7.95,USD,1.0000
371004,4,2020-02-27 00:00:00,2020-02-27 00:00:00,1513894,650,372,3,758.00,758.00,348.58,USD,1.0000
371005,0,2020-02-27 00:00:00,2020-02-27 00:00:00,1992813,550,715,3,149.00,149.00,68.52,USD,1.0000
371006,0,2020-02-27 00:00:00,2020-02-27 00:00:00,1728379,610,1374,3,16.00,14.40,8.16,USD,1.0000
371007,0,2020-02-27 00:00:00,2020-03-03 00:00:00,1080629,999999,737,6,159.00,138.33,73.12,GBP,0.7752
371008,0,2020-02-27 00:00:00,2020-03-03 00:00:00,1858632,999999,1475,2,230.00,223.10,105.77,USD,1.0000
371009,0,2020-02-27 00:00:00,2020-02-27 00:00:00,1390231,440,74,1,37.95,37.95,17.45,USD,1.0000
371009,1,2020-02-27 00:00:00,2020-02-27 00:00:00,1390231,440,1988,3,94.99,94.99,48.43,USD,1.0000
371009,2,2020-02-27 00:00:00,2020-02-27 00:00:00,1390231,440,1410,3,230.00,218.50,105.77,USD,1.0000
371010,0,2020-02-27 00:00:00,2020-03-02 00:00:00,1226217,999999,1631,1,12.66,12.66,5.82,USD,1.0000
371100,0,2020-02-28 00:00:00,2020-03-01 00:00:00,1866637,999999,1442,3,529.00,454.94,175.27,USD,1.0000
371100,1,2020-02-28 00:00:00,2020-03-01 00:00:00,1866637,999999,1697,3,5.39,5.39,2.75,USD,1.0000
371102,0,2020-02-28 00:00:00,2020-03-01 00:00:00,1402836,999999,1936,3,299.99,299.99,152.94,USD,1.0000
371103,0,2020-02-28 00:00:00,2020-02-28 00:00:00,1793549,660,388,2,382.95,382.95,195.24,USD,1.0000
371103,1,2020-02-28 00:00:00,2020-02-28 00:00:00,1793549,660,142,6,299.99,299.99,152.94,USD,1.0000
371103,2,2020-02-28 00:00:00,2020-02-28 00:00:00,1793549,660,345,2,699.00,699.00,321.44,USD,1.0000
371104,0,2020-02-28 00:00:00,2020-02-28 00:00:00,880582,320,52,1,199.95,195.95,91.95,EUR,0.9110
371104,1,2020-02-28 00:00:00,2020-02-28 00:00:00,880582,320,1801,3,32.00,31.36,16.31,EUR,0.9110
371105,0,2020-02-28 00:00:00,2020-03-02 00:00:00,877374,999999,1623,7,219.00,188.34,72.56,EUR,0.9110
371200,0,2020-02-29 00:00:00,2020-02-29 00:00:00,290965,80,1078,1,314.00,279.46,144.40,CAD,1.3444
371200,1,2020-02-29 00:00:00,2020-02-29 00:00:00,290965,80,451,3,559.00,553.41,257.06,CAD,1.3444
371200,2,2020-02-29 00:00:00,2020-02-29 00:00:00,290965,80,1457,2,189.00,171.99,86.91,CAD,1.3444
371200,3,2020-02-29 00:00:00,2020-02-29 00:00:00,290965,80,1623,1,219.00,219.00,72.56,CAD,1.3444
371201,0,2020-02-29 00:00:00,2020-03-03 00:00:00,206610,999999,2040,3,139.99,139.99,71.37,CAD,1.3444
371202,0,2020-02-29 00:00:00,2020-02-29 00:00:00,62076,40,1623,3,219.00,219.00,72.56,AUD,1.5373
371202,1,2020-02-29 00:00:00,2020-02-29 00:00:00,62076,40,48,3,149.95,148.45,76.45,AUD,1.5373
371202,2,2020-02-29 00:00:00,2020-02-29 00:00:00,62076,40,1373,7,14.19,14.19,7.23,AUD,1.5373
371203,0,2020-02-29 00:00:00,2020-03-04 00:00:00,869520,999999,648,1,79.00,79.00,40.28,EUR,0.9110
371203,1,2020-02-29 00:00:00,2020-03-04 00:00:00,869520,999999,557,6,459.00,403.92,152.08,EUR,0.9110
371203,2,2020-02-29 00:00:00,2020-03-04 00:00:00,869520,999999,1644,2,57.88,51.51,26.62,EUR,0.9110
371204,0,2020-02-29 00:00:00,2020-03-02 00:00:00,349357,999999,1476,1,288.00,267.84,132.44,CAD,1.3444
371205,0,2020-02-29 00:00:00,2020-03-05 00:00:00,1561589,999999,796,6,16.90,15.04,8.62,USD,1.0000
371205,1,2020-02-29 00:00:00,2020-03-05 00:00:00,1561589,999999,677,7,79.00,71.10,40.28,USD,1.0000
371205,2,2020-02-29 00:00:00,2020-03-05 00:00:00,1561589,999999,2482,5,350.00,304.50,160.95,USD,1.0000
371205,3,2020-02-29 00:00:00,2020-03-05 00:00:00,1561589,999999,507,8,259.00,225.33,119.11,USD,1.0000
371205,4,2020-02-29 00:00:00,2020-03-05 00:00:00,1561589,999999,761,5,16.90,16.90,8.62,USD,1.0000
371205,5,2020-02-29 00:00:00,2020-03-05 00:00:00,1561589,999999,1596,7,12.66,12.41,5.82,USD,1.0000
371206,0,2020-02-29 00:00:00,2020-03-04 00:00:00,23463,999999,1933,1,3199.99,2975.99,1060.22,AUD,1.5373
371206,1,2020-02-29 00:00:00,2020-03-04 00:00:00,23463,999999,1694,3,8.88,8.08,4.08,AUD,1.5373
371207,0,2020-02-29 00:00:00,2020-02-29 00:00:00,574794,260,1444,1,230.00,209.30,105.77,EUR,0.9110
371207,1,2020-02-29 00:00:00,2020-02-29 00:00:00,574794,260,1614,3,259.99,259.99,86.14,EUR,0.9110
371208,0,2020-02-29 00:00:00,2020-03-03 00:00:00,334885,999999,2511,3,4.06,4.06,2.07,CAD,1.3444
371208,1,2020-02-29 00:00:00,2020-03-03 00:00:00,334885,999999,1476,3,288.00,267.84,132.44,CAD,1.3444
371208,2,2020-02-29 00:00:00,2020-03-03 00:00:00,334885,999999,2279,1,339.00,339.00,155.89,CAD,1.3444
371208,3,2020-02-29 00:00:00,2020-03-03 00:00:00,334885,999999,1711,1,70.13,70.13,32.25,CAD,1.3444
371209,0,2020-02-29 00:00:00,2020-03-05 00:00:00,878670,999999,1577,3,219.00,199.29,72.56,EUR,0.9110
371400,0,2020-03-02 00:00:00,2020-03-02 00:00:00,113428,50,161,2,1592.20,1480.75,527.53,AUD,1.5283
371400,1,2020-03-02 00:00:00,2020-03-02 00:00:00,113428,50,2173,4,163.00,161.37,83.10,AUD,1.5283
371400,2,2020-03-02 00:00:00,2020-03-02 00:00:00,113428,50,1422,7,301.00,301.00,138.42,AUD,1.5283
371400,3,2020-03-02 00:00:00,2020-03-02 00:00:00,113428,50,2489,1,14.99,13.64,7.64,AUD,1.5283
371401,0,2020-03-02 00:00:00,2020-03-05 00:00:00,1904079,999999,1618,5,58.99,51.32,27.13,USD,1.0000
371401,1,2020-03-02 00:00:00,2020-03-05 00:00:00,1904079,999999,972,8,129.00,110.94,59.32,USD,1.0000
371401,2,2020-03-02 00:00:00,2020-03-05 00:00:00,1904079,999999,525,2,99.00,86.13,50.47,USD,1.0000
371401,3,2020-03-02 00:00:00,2020-03-05 00:00:00,1904079,999999,350,2,399.00,347.13,203.42,USD,1.0000
371402,0,2020-03-02 00:00:00,2020-03-05 00:00:00,743343,999999,55,1,296.00,263.44,98.07,EUR,0.8991
371500,0,2020-03-03 00:00:00,2020-03-11 00:00:00,1723372,999999,1364,5,26.99,26.99,12.41,USD,1.0000
371501,0,2020-03-03 00:00:00,2020-03-08 00:00:00,561993,999999,1502,4,239.00,205.54,109.91,EUR,0.8995
371502,0,2020-03-03 00:00:00,2020-03-03 00:00:00,379882,90,101,1,120.00,120.00,55.18,CAD,1.3364
371502,1,2020-03-03 00:00:00,2020-03-03 00:00:00,379882,90,423,7,599.00,533.11,275.46,CAD,1.3364
371502,2,2020-03-03 00:00:00,2020-03-03 00:00:00,379882,90,1270,2,6.95,6.95,3.54,CAD,1.3364
371503,0,2020-03-03 00:00:00,2020-03-05 00:00:00,123390,999999,1697,1,5.39,4.74,2.75,AUD,1.5212
371503,1,2020-03-03 00:00:00,2020-03-05 00:00:00,123390,999999,1061,2,588.00,588.00,194.82,AUD,1.5212
